Invoice ID,Customer Name,Date of Service,City,Location,Service,Amount
DB1000,Riya,2023-04-13,Hyderabad,Banjara Hills,Full Service,5691
DB1001,Krishna,2023-01-21,Mumbai,Andheri,Full Service,4926
DB1002,Vihaan,2024-04-03,Ahmedabad,Navrangpura,Ceramic Coating,8822
DB1003,Vivaan,2023-11-05,Ahmedabad,Navrangpura,Ceramic Coating,7449
DB1004,Aarav,2024-01-21,Chennai,T. Nagar,Interior Cleaning,6896
DB1005,Atharv,2024-04-19,Ahmedabad,Navrangpura,Ceramic Coating,3247
DB1006,Anaya,2023-07-09,Pune,Viman Nagar,Full Service,2399
DB1007,Aditya,2023-09-01,Hyderabad,Banjara Hills,Full Service,9338
DB1008,Shaurya,2023-01-21,Indore,Vijay Nagar,Interior Cleaning,9292
DB1009,Ira,2023-11-12,Mumbai,Andheri,Interior Cleaning,8013
DB1010,Anaya,2023-12-06,Chennai,T. Nagar,Full Service,1275
DB1011,Ira,2023-02-04,Delhi,Connaught Place,Ceramic Coating,2085
DB1012,Vivaan,2024-01-23,Pune,Viman Nagar,Interior Cleaning,4343
DB1013,Avni,2024-04-21,Mumbai,Andheri,Ceramic Coating,661
DB1014,Vihaan,2023-07-21,Pune,Viman Nagar,Full Service,8129
DB1015,Ishaan,2023-09-09,Hyderabad,Banjara Hills,Ceramic Coating,8416
DB1016,Anaya,2023-12-04,Hyderabad,Banjara Hills,Ceramic Coating,5359
DB1017,Myra,2023-07-07,Delhi,Connaught Place,Exterior Wash,2562
DB1018,Krishna,2023-03-06,Delhi,Connaught Place,Ceramic Coating,2527
DB1019,Aanya,2024-04-16,Bangalore,Koramangala,Exterior Wash,891
DB1020,Aarav,2024-02-23,Bangalore,Koramangala,Exterior Wash,4061
DB1021,Shaurya,2023-08-19,Chennai,T. Nagar,Full Service,8892
DB1022,Pari,2023-02-02,Indore,Vijay Nagar,Full Service,9496
DB1023,Diya,2023-04-09,Ahmedabad,Navrangpura,Interior Cleaning,8654
DB1024,Aarav,2024-06-30,Bangalore,Koramangala,Exterior Wash,8610
DB1025,Aditya,2024-04-06,Delhi,Connaught Place,Exterior Wash,7885
DB1026,Ira,2024-05-17,Indore,Vijay Nagar,Full Service,4988
DB1027,Anaya,2023-07-26,Mumbai,Andheri,Interior Cleaning,7535
DB1028,Meera,2024-04-05,Indore,Vijay Nagar,Ceramic Coating,3290
DB1029,Riya,2023-08-29,Hyderabad,Banjara Hills,Ceramic Coating,6519
DB1030,Krishna,2024-04-29,Hyderabad,Banjara Hills,Full Service,3742
DB1031,Vihaan,2024-06-24,Hyderabad,Banjara Hills,Ceramic Coating,3657
DB1032,Diya,2023-01-28,Chennai,T. Nagar,Ceramic Coating,5950
DB1033,Krishna,2024-05-20,Pune,Viman Nagar,Exterior Wash,1806
DB1034,Krishna,2023-09-16,Pune,Viman Nagar,Ceramic Coating,6030
DB1035,Arjun,2023-11-14,Delhi,Connaught Place,Full Service,1163
DB1036,Shaurya,2024-01-09,Chennai,T. Nagar,Exterior Wash,2353
DB1037,Riya,2024-05-11,Chennai,T. Nagar,Interior Cleaning,8054
DB1038,Arjun,2023-04-23,Delhi,Connaught Place,Ceramic Coating,1198
DB1039,Vivaan,2023-04-23,Mumbai,Andheri,Ceramic Coating,1354
DB1040,Aarav,2023-08-13,Bangalore,Koramangala,Interior Cleaning,5749
DB1041,Diya,2023-02-22,Mumbai,Andheri,Ceramic Coating,6035
DB1042,Vihaan,2023-09-04,Indore,Vijay Nagar,Full Service,4718
DB1043,Sai,2024-02-05,Ahmedabad,Navrangpura,Exterior Wash,3431
DB1044,Aanya,2023-07-17,Indore,Vijay Nagar,Ceramic Coating,6787
DB1045,Sai,2023-07-20,Ahmedabad,Navrangpura,Exterior Wash,1159
DB1046,Aditya,2024-02-07,Indore,Vijay Nagar,Full Service,3411
DB1047,Aarav,2024-05-03,Ahmedabad,Navrangpura,Ceramic Coating,7194
DB1048,Ishaan,2023-12-04,Delhi,Connaught Place,Full Service,8655
DB1049,Avni,2024-04-17,Indore,Vijay Nagar,Full Service,4561
DB1050,Aditya,2023-10-25,Indore,Vijay Nagar,Ceramic Coating,6787
DB1051,Pari,2023-12-12,Delhi,Connaught Place,Ceramic Coating,2549
DB1052,Diya,2023-10-31,Hyderabad,Banjara Hills,Exterior Wash,7658
DB1053,Shaurya,2023-01-09,Bangalore,Koramangala,Full Service,2755
DB1054,Riya,2023-05-11,Ahmedabad,Navrangpura,Interior Cleaning,2148
DB1055,Sai,2024-02-24,Ahmedabad,Navrangpura,Ceramic Coating,8945
DB1056,Pari,2023-08-15,Pune,Viman Nagar,Exterior Wash,598
DB1057,Avni,2023-06-02,Ahmedabad,Navrangpura,Interior Cleaning,4933
DB1058,Pari,2023-06-12,Hyderabad,Banjara Hills,Exterior Wash,8852
DB1059,Pari,2024-02-02,Chennai,T. Nagar,Ceramic Coating,6515
DB1060,Krishna,2024-01-27,Bangalore,Koramangala,Exterior Wash,5235
DB1061,Pari,2023-02-02,Chennai,T. Nagar,Full Service,8550
DB1062,Ira,2024-04-14,Pune,Viman Nagar,Interior Cleaning,3936
DB1063,Ishaan,2024-03-13,Bangalore,Koramangala,Full Service,725
DB1064,Aarav,2023-10-04,Chennai,T. Nagar,Full Service,9651
DB1065,Arjun,2024-04-25,Chennai,T. Nagar,Exterior Wash,9507
DB1066,Aditya,2024-05-30,Ahmedabad,Navrangpura,Exterior Wash,8179
DB1067,Diya,2023-01-17,Chennai,T. Nagar,Interior Cleaning,1569
DB1068,Sai,2024-01-08,Bangalore,Koramangala,Ceramic Coating,1560
DB1069,Saanvi,2023-10-07,Pune,Viman Nagar,Exterior Wash,1106
DB1070,Aarav,2023-04-09,Chennai,T. Nagar,Full Service,1480
DB1071,Aditya,2023-06-10,Ahmedabad,Navrangpura,Interior Cleaning,2316
DB1072,Ishaan,2023-11-19,Pune,Viman Nagar,Ceramic Coating,7955
DB1073,Atharv,2023-06-04,Mumbai,Andheri,Interior Cleaning,1284
DB1074,Aarav,2023-04-14,Delhi,Connaught Place,Full Service,7843
DB1075,Atharv,2023-02-08,Indore,Vijay Nagar,Interior Cleaning,6486
DB1076,Myra,2024-02-12,Chennai,T. Nagar,Interior Cleaning,3450
DB1077,Myra,2023-02-05,Chennai,T. Nagar,Exterior Wash,7155
DB1078,Ira,2024-02-04,Chennai,T. Nagar,Full Service,7114
DB1079,Vivaan,2023-05-23,Mumbai,Andheri,Ceramic Coating,1353
DB1080,Saanvi,2023-02-20,Chennai,T. Nagar,Interior Cleaning,4354
DB1081,Aanya,2023-02-23,Chennai,T. Nagar,Exterior Wash,3624
DB1082,Krishna,2023-01-05,Chennai,T. Nagar,Interior Cleaning,1376
DB1083,Anaya,2023-12-16,Bangalore,Koramangala,Full Service,7579
DB1084,Avni,2023-09-26,Chennai,T. Nagar,Interior Cleaning,2193
DB1085,Meera,2023-04-30,Chennai,T. Nagar,Interior Cleaning,9432
DB1086,Shaurya,2024-04-18,Chennai,T. Nagar,Exterior Wash,2164
DB1087,Aarav,2023-02-27,Indore,Vijay Nagar,Interior Cleaning,8305
DB1088,Pari,2023-04-28,Delhi,Connaught Place,Ceramic Coating,7904
DB1089,Krishna,2023-09-29,Ahmedabad,Navrangpura,Full Service,1080
DB1090,Aditya,2023-09-04,Chennai,T. Nagar,Interior Cleaning,2179
DB1091,Arjun,2024-03-10,Pune,Viman Nagar,Exterior Wash,9935
DB1092,Anaya,2023-03-10,Delhi,Connaught Place,Interior Cleaning,7117
DB1093,Krishna,2024-03-07,Chennai,T. Nagar,Exterior Wash,7921
DB1094,Atharv,2023-12-23,Pune,Viman Nagar,Exterior Wash,3349
DB1095,Atharv,2023-06-29,Mumbai,Andheri,Full Service,2989
DB1096,Myra,2023-11-21,Chennai,T. Nagar,Ceramic Coating,3339
DB1097,Vivaan,2023-12-02,Delhi,Connaught Place,Ceramic Coating,9587
DB1098,Riya,2023-06-09,Ahmedabad,Navrangpura,Ceramic Coating,7333
DB1099,Aarav,2024-01-15,Delhi,Connaught Place,Exterior Wash,3238
DB1100,Arjun,2024-03-02,Chennai,T. Nagar,Full Service,6036
DB1101,Atharv,2023-06-17,Bangalore,Koramangala,Ceramic Coating,4880
DB1102,Diya,2024-02-01,Indore,Vijay Nagar,Interior Cleaning,9445
DB1103,Saanvi,2023-02-04,Mumbai,Andheri,Ceramic Coating,7248
DB1104,Meera,2024-02-22,Delhi,Connaught Place,Full Service,3767
DB1105,Avni,2024-05-15,Hyderabad,Banjara Hills,Full Service,912
DB1106,Vihaan,2024-01-11,Delhi,Connaught Place,Exterior Wash,7664
DB1107,Arjun,2024-01-29,Delhi,Connaught Place,Ceramic Coating,3286
DB1108,Pari,2023-04-09,Chennai,T. Nagar,Interior Cleaning,5604
DB1109,Arjun,2023-04-06,Chennai,T. Nagar,Exterior Wash,4266
DB1110,Aditya,2024-06-08,Delhi,Connaught Place,Interior Cleaning,9287
DB1111,Myra,2023-12-08,Bangalore,Koramangala,Full Service,895
DB1112,Shaurya,2024-03-20,Bangalore,Koramangala,Ceramic Coating,4860
DB1113,Ira,2024-03-30,Indore,Vijay Nagar,Ceramic Coating,5446
DB1114,Anaya,2024-05-20,Ahmedabad,Navrangpura,Exterior Wash,7766
DB1115,Riya,2024-01-31,Bangalore,Koramangala,Exterior Wash,8151
DB1116,Pari,2023-05-31,Delhi,Connaught Place,Full Service,2656
DB1117,Krishna,2023-02-11,Pune,Viman Nagar,Full Service,5229
DB1118,Aditya,2023-05-13,Indore,Vijay Nagar,Exterior Wash,4830
DB1119,Atharv,2023-01-09,Mumbai,Andheri,Ceramic Coating,7556
DB1120,Sai,2023-09-10,Indore,Vijay Nagar,Interior Cleaning,1691
DB1121,Shaurya,2023-06-19,Mumbai,Andheri,Full Service,3181
DB1122,Arjun,2023-07-13,Hyderabad,Banjara Hills,Exterior Wash,6041
DB1123,Ishaan,2023-12-05,Ahmedabad,Navrangpura,Exterior Wash,1865
DB1124,Saanvi,2024-05-14,Indore,Vijay Nagar,Full Service,4812
DB1125,Vihaan,2023-10-28,Chennai,T. Nagar,Interior Cleaning,7919
DB1126,Meera,2024-02-19,Hyderabad,Banjara Hills,Ceramic Coating,5801
DB1127,Atharv,2023-06-16,Mumbai,Andheri,Full Service,4768
DB1128,Riya,2023-08-08,Chennai,T. Nagar,Ceramic Coating,9586
DB1129,Krishna,2023-12-27,Delhi,Connaught Place,Full Service,1004
DB1130,Saanvi,2023-07-10,Delhi,Connaught Place,Ceramic Coating,1428
DB1131,Sai,2023-04-27,Mumbai,Andheri,Ceramic Coating,6816
DB1132,Pari,2023-05-29,Pune,Viman Nagar,Exterior Wash,5848
DB1133,Meera,2023-08-15,Chennai,T. Nagar,Exterior Wash,6690
DB1134,Saanvi,2023-08-21,Pune,Viman Nagar,Full Service,3986
DB1135,Aditya,2024-05-27,Ahmedabad,Navrangpura,Full Service,8620
DB1136,Atharv,2023-01-12,Ahmedabad,Navrangpura,Ceramic Coating,5563
DB1137,Diya,2023-12-24,Ahmedabad,Navrangpura,Ceramic Coating,4968
DB1138,Vihaan,2023-01-08,Mumbai,Andheri,Ceramic Coating,3245
DB1139,Avni,2023-11-12,Chennai,T. Nagar,Ceramic Coating,5464
DB1140,Vihaan,2023-02-10,Ahmedabad,Navrangpura,Full Service,7602
DB1141,Shaurya,2023-05-25,Delhi,Connaught Place,Exterior Wash,8391
DB1142,Pari,2024-04-05,Hyderabad,Banjara Hills,Exterior Wash,2081
DB1143,Sai,2024-06-30,Mumbai,Andheri,Full Service,755
DB1144,Atharv,2024-03-25,Ahmedabad,Navrangpura,Interior Cleaning,7909
DB1145,Myra,2023-09-08,Hyderabad,Banjara Hills,Full Service,1515
DB1146,Aarav,2024-01-09,Mumbai,Andheri,Ceramic Coating,7949
DB1147,Saanvi,2023-03-04,Hyderabad,Banjara Hills,Exterior Wash,2133
DB1148,Aditya,2023-04-15,Indore,Vijay Nagar,Exterior Wash,904
DB1149,Saanvi,2024-06-01,Hyderabad,Banjara Hills,Full Service,6489
DB1150,Arjun,2024-03-12,Hyderabad,Banjara Hills,Exterior Wash,5309
DB1151,Meera,2024-04-02,Delhi,Connaught Place,Exterior Wash,7745
DB1152,Ira,2024-04-01,Delhi,Connaught Place,Full Service,5280
DB1153,Aarav,2024-03-21,Delhi,Connaught Place,Ceramic Coating,3919
DB1154,Ishaan,2023-04-05,Indore,Vijay Nagar,Interior Cleaning,749
DB1155,Aditya,2024-03-13,Bangalore,Koramangala,Interior Cleaning,4863
DB1156,Diya,2023-02-23,Hyderabad,Banjara Hills,Interior Cleaning,8401
DB1157,Pari,2024-02-05,Indore,Vijay Nagar,Full Service,1752
DB1158,Meera,2023-03-16,Indore,Vijay Nagar,Interior Cleaning,7381
DB1159,Vivaan,2023-11-02,Mumbai,Andheri,Interior Cleaning,7502
DB1160,Vivaan,2024-03-10,Chennai,T. Nagar,Exterior Wash,4761
DB1161,Anaya,2024-04-25,Chennai,T. Nagar,Interior Cleaning,5354
DB1162,Meera,2023-04-16,Delhi,Connaught Place,Exterior Wash,5392
DB1163,Saanvi,2023-05-18,Mumbai,Andheri,Exterior Wash,4079
DB1164,Vivaan,2023-03-10,Pune,Viman Nagar,Exterior Wash,6069
DB1165,Aanya,2023-07-24,Bangalore,Koramangala,Ceramic Coating,2406
DB1166,Pari,2023-04-21,Indore,Vijay Nagar,Full Service,6531
DB1167,Vihaan,2024-06-03,Ahmedabad,Navrangpura,Ceramic Coating,8972
DB1168,Aditya,2023-07-14,Bangalore,Koramangala,Exterior Wash,1171
DB1169,Meera,2023-03-02,Bangalore,Koramangala,Exterior Wash,5624
DB1170,Atharv,2024-04-10,Hyderabad,Banjara Hills,Interior Cleaning,7481
DB1171,Arjun,2024-05-27,Delhi,Connaught Place,Ceramic Coating,2893
DB1172,Vivaan,2023-02-15,Delhi,Connaught Place,Interior Cleaning,7740
DB1173,Anaya,2023-09-06,Delhi,Connaught Place,Interior Cleaning,6993
DB1174,Pari,2023-04-17,Hyderabad,Banjara Hills,Exterior Wash,1776
DB1175,Ira,2023-10-30,Mumbai,Andheri,Ceramic Coating,8650
DB1176,Vivaan,2023-03-19,Hyderabad,Banjara Hills,Interior Cleaning,5121
DB1177,Meera,2023-11-08,Indore,Vijay Nagar,Full Service,2146
DB1178,Anaya,2023-12-29,Chennai,T. Nagar,Exterior Wash,3845
DB1179,Sai,2024-05-20,Bangalore,Koramangala,Full Service,3586
DB1180,Arjun,2023-07-11,Chennai,T. Nagar,Interior Cleaning,1562
DB1181,Krishna,2023-09-30,Pune,Viman Nagar,Interior Cleaning,625
DB1182,Saanvi,2024-06-20,Hyderabad,Banjara Hills,Ceramic Coating,6668
DB1183,Aditya,2024-01-29,Delhi,Connaught Place,Exterior Wash,9861
DB1184,Vihaan,2023-04-21,Indore,Vijay Nagar,Interior Cleaning,8443
DB1185,Diya,2024-01-04,Bangalore,Koramangala,Interior Cleaning,2972
DB1186,Riya,2024-06-01,Mumbai,Andheri,Ceramic Coating,2261
DB1187,Myra,2024-03-18,Pune,Viman Nagar,Exterior Wash,1960
DB1188,Sai,2023-10-04,Pune,Viman Nagar,Full Service,7267
DB1189,Aanya,2024-05-30,Pune,Viman Nagar,Interior Cleaning,4235
DB1190,Aditya,2023-05-17,Bangalore,Koramangala,Full Service,1563
DB1191,Vihaan,2023-08-17,Ahmedabad,Navrangpura,Full Service,505
DB1192,Riya,2023-11-18,Chennai,T. Nagar,Full Service,8695
DB1193,Saanvi,2023-04-28,Pune,Viman Nagar,Ceramic Coating,6060
DB1194,Anaya,2023-07-13,Bangalore,Koramangala,Ceramic Coating,6816
DB1195,Arjun,2023-10-27,Pune,Viman Nagar,Interior Cleaning,9833
DB1196,Riya,2023-08-13,Delhi,Connaught Place,Ceramic Coating,2548
DB1197,Ira,2023-03-31,Ahmedabad,Navrangpura,Interior Cleaning,2328
DB1198,Vihaan,2023-05-19,Hyderabad,Banjara Hills,Full Service,4244
DB1199,Arjun,2023-01-10,Indore,Vijay Nagar,Interior Cleaning,2719
DB1200,Ishaan,2023-01-13,Mumbai,Andheri,Ceramic Coating,9012
DB1201,Arjun,2023-11-15,Delhi,Connaught Place,Exterior Wash,3324
DB1202,Aditya,2024-07-03,Pune,Viman Nagar,Full Service,8484
DB1203,Diya,2023-11-14,Mumbai,Andheri,Interior Cleaning,2408
DB1204,Aanya,2024-01-11,Delhi,Connaught Place,Interior Cleaning,3135
DB1205,Aarav,2024-06-30,Ahmedabad,Navrangpura,Ceramic Coating,6451
DB1206,Ishaan,2023-12-15,Bangalore,Koramangala,Exterior Wash,9944
DB1207,Aditya,2023-09-27,Hyderabad,Banjara Hills,Exterior Wash,3398
DB1208,Ira,2024-01-14,Mumbai,Andheri,Interior Cleaning,4727
DB1209,Avni,2023-02-11,Ahmedabad,Navrangpura,Ceramic Coating,7443
DB1210,Aarav,2024-02-26,Indore,Vijay Nagar,Full Service,2690
DB1211,Aarav,2023-05-25,Indore,Vijay Nagar,Full Service,4533
DB1212,Meera,2023-04-14,Indore,Vijay Nagar,Full Service,8889
DB1213,Meera,2024-01-26,Ahmedabad,Navrangpura,Interior Cleaning,6067
DB1214,Anaya,2024-05-14,Indore,Vijay Nagar,Exterior Wash,5908
DB1215,Krishna,2024-04-22,Bangalore,Koramangala,Ceramic Coating,2704
DB1216,Aarav,2024-07-03,Hyderabad,Banjara Hills,Exterior Wash,1450
DB1217,Vihaan,2023-10-16,Pune,Viman Nagar,Interior Cleaning,5112
DB1218,Sai,2023-04-28,Hyderabad,Banjara Hills,Full Service,6871
DB1219,Riya,2023-08-04,Ahmedabad,Navrangpura,Full Service,3728
DB1220,Anaya,2023-09-18,Chennai,T. Nagar,Ceramic Coating,4256
DB1221,Meera,2023-05-10,Bangalore,Koramangala,Ceramic Coating,1293
DB1222,Arjun,2023-10-10,Chennai,T. Nagar,Full Service,6666
DB1223,Ira,2023-12-12,Bangalore,Koramangala,Ceramic Coating,8283
DB1224,Aarav,2023-07-29,Indore,Vijay Nagar,Ceramic Coating,1327
DB1225,Diya,2024-04-04,Chennai,T. Nagar,Ceramic Coating,4376
DB1226,Atharv,2023-05-07,Delhi,Connaught Place,Ceramic Coating,6524
DB1227,Ira,2023-02-20,Ahmedabad,Navrangpura,Exterior Wash,4297
DB1228,Aarav,2024-02-11,Pune,Viman Nagar,Exterior Wash,3976
DB1229,Ira,2023-12-12,Chennai,T. Nagar,Interior Cleaning,3530
DB1230,Meera,2023-01-01,Ahmedabad,Navrangpura,Full Service,3208
DB1231,Shaurya,2024-03-06,Hyderabad,Banjara Hills,Exterior Wash,8893
DB1232,Shaurya,2024-03-11,Bangalore,Koramangala,Full Service,1036
DB1233,Sai,2023-03-16,Mumbai,Andheri,Full Service,9166
DB1234,Saanvi,2024-02-22,Ahmedabad,Navrangpura,Full Service,9646
DB1235,Krishna,2023-06-28,Chennai,T. Nagar,Interior Cleaning,4072
DB1236,Saanvi,2023-06-10,Hyderabad,Banjara Hills,Full Service,5257
DB1237,Avni,2023-06-05,Hyderabad,Banjara Hills,Exterior Wash,1466
DB1238,Shaurya,2023-03-25,Delhi,Connaught Place,Ceramic Coating,4201
DB1239,Ishaan,2023-12-08,Delhi,Connaught Place,Full Service,2259
DB1240,Meera,2023-05-21,Bangalore,Koramangala,Ceramic Coating,9414
DB1241,Saanvi,2023-11-14,Hyderabad,Banjara Hills,Exterior Wash,8977
DB1242,Ishaan,2023-05-24,Bangalore,Koramangala,Interior Cleaning,1268
DB1243,Anaya,2024-01-06,Mumbai,Andheri,Interior Cleaning,7145
DB1244,Avni,2023-04-23,Pune,Viman Nagar,Interior Cleaning,9638
DB1245,Krishna,2023-09-21,Bangalore,Koramangala,Ceramic Coating,5373
DB1246,Meera,2024-04-02,Pune,Viman Nagar,Interior Cleaning,3951
DB1247,Avni,2023-03-28,Indore,Vijay Nagar,Exterior Wash,1332
DB1248,Aditya,2023-11-09,Ahmedabad,Navrangpura,Full Service,9019
DB1249,Anaya,2023-02-23,Hyderabad,Banjara Hills,Full Service,7718
DB1250,Vivaan,2023-09-21,Bangalore,Koramangala,Ceramic Coating,5707
DB1251,Ira,2023-03-19,Bangalore,Koramangala,Ceramic Coating,5047
DB1252,Arjun,2024-05-14,Pune,Viman Nagar,Exterior Wash,5505
DB1253,Atharv,2023-01-07,Indore,Vijay Nagar,Exterior Wash,2698
DB1254,Meera,2023-03-26,Ahmedabad,Navrangpura,Exterior Wash,9606
DB1255,Avni,2024-07-01,Mumbai,Andheri,Exterior Wash,7352
DB1256,Atharv,2024-06-06,Indore,Vijay Nagar,Interior Cleaning,5066
DB1257,Diya,2023-04-29,Chennai,T. Nagar,Exterior Wash,1304
DB1258,Shaurya,2023-09-13,Mumbai,Andheri,Exterior Wash,7583
DB1259,Diya,2024-05-14,Ahmedabad,Navrangpura,Exterior Wash,3179
DB1260,Ira,2023-02-28,Indore,Vijay Nagar,Ceramic Coating,5331
DB1261,Saanvi,2023-04-25,Pune,Viman Nagar,Exterior Wash,3099
DB1262,Krishna,2023-08-25,Delhi,Connaught Place,Interior Cleaning,1801
DB1263,Ira,2023-08-23,Chennai,T. Nagar,Interior Cleaning,9133
DB1264,Myra,2023-01-29,Mumbai,Andheri,Full Service,9496
DB1265,Sai,2023-03-16,Mumbai,Andheri,Ceramic Coating,5975
DB1266,Sai,2023-02-10,Mumbai,Andheri,Exterior Wash,6296
DB1267,Sai,2023-06-02,Mumbai,Andheri,Ceramic Coating,2122
DB1268,Sai,2023-12-08,Bangalore,Koramangala,Ceramic Coating,9301
DB1269,Myra,2023-09-25,Delhi,Connaught Place,Exterior Wash,9146
DB1270,Ira,2024-02-05,Ahmedabad,Navrangpura,Interior Cleaning,3567
DB1271,Aarav,2023-12-29,Bangalore,Koramangala,Exterior Wash,5990
DB1272,Aanya,2023-01-29,Ahmedabad,Navrangpura,Full Service,8179
DB1273,Krishna,2023-04-23,Ahmedabad,Navrangpura,Full Service,1833
DB1274,Anaya,2023-04-08,Ahmedabad,Navrangpura,Interior Cleaning,6712
DB1275,Aarav,2023-11-08,Mumbai,Andheri,Ceramic Coating,9442
DB1276,Meera,2023-05-28,Bangalore,Koramangala,Ceramic Coating,7601
DB1277,Myra,2024-05-21,Bangalore,Koramangala,Interior Cleaning,653
DB1278,Shaurya,2024-03-25,Delhi,Connaught Place,Ceramic Coating,5636
DB1279,Aanya,2023-08-05,Ahmedabad,Navrangpura,Interior Cleaning,8470
DB1280,Avni,2023-05-11,Hyderabad,Banjara Hills,Ceramic Coating,8863
DB1281,Sai,2024-03-10,Mumbai,Andheri,Ceramic Coating,2822
DB1282,Saanvi,2023-02-13,Hyderabad,Banjara Hills,Exterior Wash,829
DB1283,Anaya,2024-05-11,Chennai,T. Nagar,Interior Cleaning,8907
DB1284,Ishaan,2023-12-05,Indore,Vijay Nagar,Exterior Wash,2250
DB1285,Pari,2024-04-29,Pune,Viman Nagar,Ceramic Coating,7109
DB1286,Diya,2023-03-30,Indore,Vijay Nagar,Full Service,4493
DB1287,Myra,2024-05-03,Mumbai,Andheri,Full Service,5373
DB1288,Krishna,2023-01-16,Delhi,Connaught Place,Full Service,6413
DB1289,Krishna,2023-03-27,Pune,Viman Nagar,Full Service,9320
DB1290,Shaurya,2024-06-02,Bangalore,Koramangala,Ceramic Coating,8507
DB1291,Avni,2024-05-12,Indore,Vijay Nagar,Interior Cleaning,2919
DB1292,Atharv,2024-02-06,Indore,Vijay Nagar,Exterior Wash,8193
DB1293,Aditya,2023-06-08,Chennai,T. Nagar,Ceramic Coating,8480
DB1294,Aditya,2023-04-08,Hyderabad,Banjara Hills,Full Service,3483
DB1295,Diya,2023-07-02,Indore,Vijay Nagar,Full Service,7140
DB1296,Myra,2024-05-30,Mumbai,Andheri,Exterior Wash,9184
DB1297,Diya,2024-03-01,Pune,Viman Nagar,Interior Cleaning,9002
DB1298,Vivaan,2023-06-19,Pune,Viman Nagar,Full Service,4310
DB1299,Ira,2023-02-08,Chennai,T. Nagar,Exterior Wash,2532
DB1300,Diya,2024-04-21,Delhi,Connaught Place,Ceramic Coating,4011
DB1301,Atharv,2023-08-27,Pune,Viman Nagar,Exterior Wash,8690
DB1302,Riya,2023-12-25,Hyderabad,Banjara Hills,Exterior Wash,4260
DB1303,Myra,2023-01-03,Pune,Viman Nagar,Ceramic Coating,2533
DB1304,Avni,2023-11-20,Pune,Viman Nagar,Exterior Wash,8332
DB1305,Aarav,2024-03-07,Hyderabad,Banjara Hills,Interior Cleaning,3132
DB1306,Saanvi,2024-02-03,Delhi,Connaught Place,Ceramic Coating,9655
DB1307,Arjun,2023-05-20,Hyderabad,Banjara Hills,Exterior Wash,9630
DB1308,Sai,2024-01-15,Indore,Vijay Nagar,Ceramic Coating,7986
DB1309,Aanya,2023-10-29,Pune,Viman Nagar,Exterior Wash,8378
DB1310,Meera,2023-11-06,Hyderabad,Banjara Hills,Interior Cleaning,7774
DB1311,Shaurya,2023-08-14,Delhi,Connaught Place,Interior Cleaning,6902
DB1312,Arjun,2024-05-31,Pune,Viman Nagar,Full Service,1226
DB1313,Aditya,2024-06-04,Chennai,T. Nagar,Interior Cleaning,8157
DB1314,Avni,2024-02-23,Mumbai,Andheri,Interior Cleaning,7812
DB1315,Aditya,2023-08-04,Ahmedabad,Navrangpura,Full Service,5376
DB1316,Anaya,2023-04-30,Delhi,Connaught Place,Exterior Wash,5175
DB1317,Vivaan,2023-12-23,Bangalore,Koramangala,Exterior Wash,7990
DB1318,Shaurya,2024-06-24,Bangalore,Koramangala,Exterior Wash,7381
DB1319,Atharv,2023-11-28,Delhi,Connaught Place,Full Service,1454
DB1320,Anaya,2023-08-14,Pune,Viman Nagar,Ceramic Coating,5870
DB1321,Avni,2023-06-25,Pune,Viman Nagar,Exterior Wash,3520
DB1322,Ishaan,2023-04-24,Hyderabad,Banjara Hills,Ceramic Coating,817
DB1323,Meera,2023-12-15,Mumbai,Andheri,Full Service,2091
DB1324,Vivaan,2023-02-09,Ahmedabad,Navrangpura,Full Service,1812
DB1325,Meera,2023-09-19,Ahmedabad,Navrangpura,Ceramic Coating,2639
DB1326,Pari,2023-12-19,Delhi,Connaught Place,Exterior Wash,862
DB1327,Atharv,2023-12-11,Chennai,T. Nagar,Full Service,4238
DB1328,Krishna,2024-02-26,Hyderabad,Banjara Hills,Full Service,1056
DB1329,Atharv,2023-01-31,Mumbai,Andheri,Ceramic Coating,7006
DB1330,Krishna,2024-03-12,Indore,Vijay Nagar,Interior Cleaning,2903
DB1331,Ira,2023-09-15,Hyderabad,Banjara Hills,Exterior Wash,794
DB1332,Myra,2023-08-12,Pune,Viman Nagar,Full Service,1636
DB1333,Saanvi,2023-08-21,Ahmedabad,Navrangpura,Full Service,7509
DB1334,Myra,2024-03-23,Bangalore,Koramangala,Ceramic Coating,5945
DB1335,Krishna,2024-04-11,Mumbai,Andheri,Exterior Wash,9939
DB1336,Anaya,2024-02-16,Pune,Viman Nagar,Exterior Wash,5584
DB1337,Vihaan,2023-10-05,Chennai,T. Nagar,Ceramic Coating,1765
DB1338,Saanvi,2023-11-20,Chennai,T. Nagar,Interior Cleaning,8573
DB1339,Avni,2023-01-22,Mumbai,Andheri,Interior Cleaning,5299
DB1340,Diya,2023-10-12,Chennai,T. Nagar,Full Service,5846
DB1341,Diya,2024-01-16,Indore,Vijay Nagar,Exterior Wash,9598
DB1342,Sai,2023-02-02,Indore,Vijay Nagar,Full Service,3856
DB1343,Saanvi,2024-05-30,Bangalore,Koramangala,Exterior Wash,538
DB1344,Aanya,2023-09-28,Chennai,T. Nagar,Ceramic Coating,3655
DB1345,Aanya,2023-01-22,Bangalore,Koramangala,Full Service,3396
DB1346,Diya,2024-01-17,Ahmedabad,Navrangpura,Ceramic Coating,1488
DB1347,Anaya,2023-01-21,Ahmedabad,Navrangpura,Exterior Wash,4679
DB1348,Aditya,2024-03-28,Bangalore,Koramangala,Exterior Wash,1433
DB1349,Vivaan,2024-06-10,Hyderabad,Banjara Hills,Full Service,3556
DB1350,Avni,2024-06-07,Indore,Vijay Nagar,Ceramic Coating,2755
DB1351,Ishaan,2024-06-22,Chennai,T. Nagar,Interior Cleaning,1484
DB1352,Ishaan,2023-11-05,Indore,Vijay Nagar,Full Service,4133
DB1353,Aditya,2023-07-18,Hyderabad,Banjara Hills,Ceramic Coating,6559
DB1354,Aditya,2024-06-19,Chennai,T. Nagar,Interior Cleaning,1026
DB1355,Ira,2023-06-02,Indore,Vijay Nagar,Exterior Wash,2375
DB1356,Sai,2024-06-04,Ahmedabad,Navrangpura,Exterior Wash,7599
DB1357,Vivaan,2024-05-15,Ahmedabad,Navrangpura,Ceramic Coating,9086
DB1358,Myra,2023-03-05,Delhi,Connaught Place,Ceramic Coating,8965
DB1359,Avni,2023-11-16,Pune,Viman Nagar,Full Service,8857
DB1360,Aanya,2024-06-27,Hyderabad,Banjara Hills,Exterior Wash,2543
DB1361,Shaurya,2023-04-12,Ahmedabad,Navrangpura,Full Service,713
DB1362,Shaurya,2023-03-29,Delhi,Connaught Place,Ceramic Coating,3617
DB1363,Pari,2024-04-07,Pune,Viman Nagar,Interior Cleaning,3220
DB1364,Aarav,2023-08-30,Mumbai,Andheri,Exterior Wash,2449
DB1365,Krishna,2023-04-26,Mumbai,Andheri,Interior Cleaning,7514
DB1366,Ira,2023-03-31,Mumbai,Andheri,Interior Cleaning,3541
DB1367,Diya,2023-04-16,Delhi,Connaught Place,Ceramic Coating,6590
DB1368,Aditya,2023-11-13,Bangalore,Koramangala,Interior Cleaning,2556
DB1369,Krishna,2023-03-14,Indore,Vijay Nagar,Ceramic Coating,1052
DB1370,Diya,2024-01-05,Ahmedabad,Navrangpura,Ceramic Coating,3889
DB1371,Anaya,2023-03-25,Bangalore,Koramangala,Full Service,958
DB1372,Pari,2023-03-25,Chennai,T. Nagar,Interior Cleaning,521
DB1373,Aditya,2024-02-14,Indore,Vijay Nagar,Exterior Wash,8367
DB1374,Aanya,2023-01-14,Mumbai,Andheri,Interior Cleaning,7679
DB1375,Diya,2023-03-28,Hyderabad,Banjara Hills,Exterior Wash,1766
DB1376,Meera,2023-05-02,Indore,Vijay Nagar,Interior Cleaning,3927
DB1377,Meera,2023-11-05,Chennai,T. Nagar,Interior Cleaning,7557
DB1378,Shaurya,2024-07-02,Bangalore,Koramangala,Full Service,9446
DB1379,Anaya,2023-02-04,Delhi,Connaught Place,Full Service,7505
DB1380,Riya,2023-06-08,Hyderabad,Banjara Hills,Ceramic Coating,3953
DB1381,Avni,2024-06-15,Delhi,Connaught Place,Full Service,5203
DB1382,Vivaan,2024-02-24,Ahmedabad,Navrangpura,Ceramic Coating,1894
DB1383,Diya,2023-07-05,Bangalore,Koramangala,Exterior Wash,1029
DB1384,Anaya,2023-01-21,Delhi,Connaught Place,Full Service,4091
DB1385,Pari,2023-04-10,Pune,Viman Nagar,Full Service,9631
DB1386,Ira,2024-06-09,Mumbai,Andheri,Full Service,5148
DB1387,Anaya,2023-11-14,Pune,Viman Nagar,Ceramic Coating,2778
DB1388,Vivaan,2023-03-25,Indore,Vijay Nagar,Interior Cleaning,3716
DB1389,Vivaan,2023-01-28,Bangalore,Koramangala,Exterior Wash,4856
DB1390,Ishaan,2024-03-24,Chennai,T. Nagar,Ceramic Coating,7562
DB1391,Aanya,2023-10-30,Mumbai,Andheri,Full Service,1129
DB1392,Pari,2023-09-27,Mumbai,Andheri,Exterior Wash,6397
DB1393,Aarav,2023-12-27,Hyderabad,Banjara Hills,Ceramic Coating,6395
DB1394,Riya,2024-05-27,Chennai,T. Nagar,Exterior Wash,3678
DB1395,Arjun,2023-07-23,Delhi,Connaught Place,Exterior Wash,2703
DB1396,Anaya,2024-01-02,Pune,Viman Nagar,Ceramic Coating,1774
DB1397,Vivaan,2023-11-30,Delhi,Connaught Place,Full Service,9735
DB1398,Aarav,2023-10-09,Indore,Vijay Nagar,Full Service,4793
DB1399,Arjun,2024-04-29,Delhi,Connaught Place,Exterior Wash,1729
DB1400,Atharv,2023-01-12,Chennai,T. Nagar,Exterior Wash,2789
DB1401,Aanya,2023-08-04,Pune,Viman Nagar,Interior Cleaning,7973
DB1402,Krishna,2023-07-04,Indore,Vijay Nagar,Ceramic Coating,7138
DB1403,Avni,2024-03-02,Indore,Vijay Nagar,Ceramic Coating,6794
DB1404,Myra,2024-01-19,Chennai,T. Nagar,Ceramic Coating,2469
DB1405,Ishaan,2024-01-10,Mumbai,Andheri,Exterior Wash,8820
DB1406,Sai,2023-12-18,Hyderabad,Banjara Hills,Full Service,1698
DB1407,Aanya,2023-07-12,Mumbai,Andheri,Interior Cleaning,6757
DB1408,Ishaan,2023-05-25,Indore,Vijay Nagar,Ceramic Coating,1486
DB1409,Ira,2023-12-11,Chennai,T. Nagar,Exterior Wash,3572
DB1410,Pari,2023-05-27,Pune,Viman Nagar,Exterior Wash,8625
DB1411,Vivaan,2023-08-08,Mumbai,Andheri,Ceramic Coating,8633
DB1412,Shaurya,2023-06-10,Delhi,Connaught Place,Ceramic Coating,7424
DB1413,Shaurya,2023-06-08,Bangalore,Koramangala,Ceramic Coating,3673
DB1414,Vihaan,2024-05-08,Pune,Viman Nagar,Full Service,4053
DB1415,Shaurya,2024-02-01,Indore,Vijay Nagar,Full Service,1888
DB1416,Aarav,2023-11-27,Ahmedabad,Navrangpura,Interior Cleaning,9513
DB1417,Anaya,2024-03-30,Delhi,Connaught Place,Ceramic Coating,5306
DB1418,Meera,2023-05-23,Chennai,T. Nagar,Exterior Wash,6092
DB1419,Saanvi,2024-02-21,Ahmedabad,Navrangpura,Exterior Wash,6559
DB1420,Aanya,2023-04-12,Bangalore,Koramangala,Ceramic Coating,7617
DB1421,Ishaan,2023-01-03,Ahmedabad,Navrangpura,Interior Cleaning,1677
DB1422,Arjun,2023-01-12,Mumbai,Andheri,Ceramic Coating,8734
DB1423,Sai,2023-12-09,Pune,Viman Nagar,Interior Cleaning,7070
DB1424,Aanya,2023-01-21,Indore,Vijay Nagar,Ceramic Coating,5743
DB1425,Vihaan,2024-02-03,Bangalore,Koramangala,Full Service,640
DB1426,Meera,2024-04-14,Mumbai,Andheri,Interior Cleaning,6512
DB1427,Riya,2024-01-08,Pune,Viman Nagar,Full Service,7394
DB1428,Aditya,2023-06-05,Ahmedabad,Navrangpura,Ceramic Coating,605
DB1429,Avni,2024-02-24,Mumbai,Andheri,Exterior Wash,7287
DB1430,Aanya,2023-03-31,Indore,Vijay Nagar,Full Service,7552
DB1431,Krishna,2023-06-08,Indore,Vijay Nagar,Ceramic Coating,8605
DB1432,Atharv,2024-03-20,Ahmedabad,Navrangpura,Ceramic Coating,5703
DB1433,Krishna,2024-03-27,Pune,Viman Nagar,Exterior Wash,5791
DB1434,Myra,2024-01-11,Mumbai,Andheri,Full Service,6784
DB1435,Shaurya,2023-04-28,Mumbai,Andheri,Exterior Wash,509
DB1436,Atharv,2024-01-13,Ahmedabad,Navrangpura,Ceramic Coating,5315
DB1437,Arjun,2023-02-18,Chennai,T. Nagar,Interior Cleaning,7307
DB1438,Vihaan,2024-06-14,Chennai,T. Nagar,Full Service,3773
DB1439,Meera,2023-05-26,Chennai,T. Nagar,Interior Cleaning,3540
DB1440,Avni,2024-03-14,Hyderabad,Banjara Hills,Full Service,982
DB1441,Vivaan,2023-04-18,Delhi,Connaught Place,Full Service,9353
DB1442,Arjun,2024-03-07,Indore,Vijay Nagar,Full Service,1487
DB1443,Aanya,2024-03-30,Mumbai,Andheri,Exterior Wash,1600
DB1444,Vivaan,2024-05-23,Ahmedabad,Navrangpura,Full Service,4858
DB1445,Krishna,2024-01-09,Delhi,Connaught Place,Exterior Wash,7102
DB1446,Ira,2023-10-07,Bangalore,Koramangala,Ceramic Coating,1741
DB1447,Atharv,2023-04-12,Ahmedabad,Navrangpura,Full Service,7264
DB1448,Ishaan,2023-02-05,Hyderabad,Banjara Hills,Exterior Wash,8343
DB1449,Ishaan,2023-03-14,Delhi,Connaught Place,Full Service,5689
DB1450,Krishna,2024-02-29,Chennai,T. Nagar,Exterior Wash,7204
DB1451,Diya,2024-05-31,Bangalore,Koramangala,Ceramic Coating,7897
DB1452,Diya,2023-03-08,Hyderabad,Banjara Hills,Interior Cleaning,7926
DB1453,Sai,2023-12-08,Mumbai,Andheri,Full Service,5791
DB1454,Aditya,2023-07-28,Mumbai,Andheri,Full Service,4711
DB1455,Diya,2023-09-21,Mumbai,Andheri,Ceramic Coating,3874
DB1456,Pari,2023-11-07,Mumbai,Andheri,Interior Cleaning,7313
DB1457,Pari,2023-02-24,Chennai,T. Nagar,Exterior Wash,4219
DB1458,Pari,2024-05-29,Pune,Viman Nagar,Exterior Wash,7946
DB1459,Meera,2023-12-14,Ahmedabad,Navrangpura,Interior Cleaning,6599
DB1460,Diya,2023-09-05,Delhi,Connaught Place,Exterior Wash,785
DB1461,Riya,2023-05-29,Pune,Viman Nagar,Interior Cleaning,7621
DB1462,Krishna,2024-03-31,Ahmedabad,Navrangpura,Exterior Wash,1512
DB1463,Sai,2024-04-04,Chennai,T. Nagar,Interior Cleaning,4225
DB1464,Avni,2024-04-25,Hyderabad,Banjara Hills,Interior Cleaning,2908
DB1465,Vivaan,2023-12-07,Bangalore,Koramangala,Exterior Wash,2996
DB1466,Vihaan,2023-06-29,Mumbai,Andheri,Full Service,8953
DB1467,Aanya,2024-02-23,Indore,Vijay Nagar,Interior Cleaning,5935
DB1468,Riya,2023-04-11,Mumbai,Andheri,Ceramic Coating,1060
DB1469,Sai,2023-02-11,Mumbai,Andheri,Exterior Wash,2326
DB1470,Atharv,2023-06-07,Pune,Viman Nagar,Interior Cleaning,8825
DB1471,Pari,2023-03-08,Indore,Vijay Nagar,Ceramic Coating,8193
DB1472,Anaya,2023-03-14,Hyderabad,Banjara Hills,Full Service,7221
DB1473,Aditya,2023-05-10,Mumbai,Andheri,Interior Cleaning,6407
DB1474,Vivaan,2023-09-23,Delhi,Connaught Place,Exterior Wash,4759
DB1475,Ira,2023-04-05,Delhi,Connaught Place,Interior Cleaning,5417
DB1476,Riya,2023-08-26,Bangalore,Koramangala,Full Service,2460
DB1477,Myra,2023-01-25,Hyderabad,Banjara Hills,Interior Cleaning,3464
DB1478,Anaya,2024-06-20,Chennai,T. Nagar,Exterior Wash,7679
DB1479,Myra,2023-05-08,Indore,Vijay Nagar,Interior Cleaning,6277
DB1480,Sai,2024-03-22,Ahmedabad,Navrangpura,Exterior Wash,4849
DB1481,Meera,2023-05-10,Indore,Vijay Nagar,Full Service,6988
DB1482,Aanya,2024-01-17,Mumbai,Andheri,Exterior Wash,5675
DB1483,Shaurya,2024-04-07,Indore,Vijay Nagar,Full Service,5948
DB1484,Ira,2023-06-05,Bangalore,Koramangala,Full Service,9091
DB1485,Vihaan,2023-09-17,Indore,Vijay Nagar,Ceramic Coating,7428
DB1486,Krishna,2023-04-11,Chennai,T. Nagar,Ceramic Coating,3792
DB1487,Sai,2024-02-24,Indore,Vijay Nagar,Interior Cleaning,8370
DB1488,Krishna,2024-04-27,Bangalore,Koramangala,Ceramic Coating,2049
DB1489,Arjun,2024-03-30,Hyderabad,Banjara Hills,Interior Cleaning,4216
DB1490,Vivaan,2024-05-24,Pune,Viman Nagar,Full Service,7048
DB1491,Sai,2023-09-03,Indore,Vijay Nagar,Exterior Wash,7293
DB1492,Krishna,2024-04-15,Hyderabad,Banjara Hills,Exterior Wash,6856
DB1493,Myra,2023-08-30,Hyderabad,Banjara Hills,Exterior Wash,2885
DB1494,Vihaan,2023-06-22,Delhi,Connaught Place,Full Service,5092
DB1495,Riya,2024-01-30,Ahmedabad,Navrangpura,Full Service,8461
DB1496,Vihaan,2024-05-24,Mumbai,Andheri,Ceramic Coating,5219
DB1497,Shaurya,2023-08-15,Hyderabad,Banjara Hills,Ceramic Coating,3993
DB1498,Atharv,2023-01-21,Hyderabad,Banjara Hills,Exterior Wash,4700
DB1499,Saanvi,2023-07-11,Ahmedabad,Navrangpura,Exterior Wash,9116
DB1500,Vivaan,2023-05-09,Chennai,T. Nagar,Ceramic Coating,6672
DB1501,Atharv,2023-04-07,Mumbai,Andheri,Interior Cleaning,8623
DB1502,Aanya,2023-08-20,Indore,Vijay Nagar,Interior Cleaning,1275
DB1503,Saanvi,2023-07-19,Indore,Vijay Nagar,Exterior Wash,7599
DB1504,Meera,2023-06-22,Hyderabad,Banjara Hills,Ceramic Coating,7583
DB1505,Arjun,2024-03-24,Ahmedabad,Navrangpura,Exterior Wash,3771
DB1506,Aanya,2024-05-19,Delhi,Connaught Place,Exterior Wash,9099
DB1507,Saanvi,2024-04-27,Hyderabad,Banjara Hills,Ceramic Coating,6920
DB1508,Ira,2023-08-20,Chennai,T. Nagar,Full Service,5031
DB1509,Meera,2024-02-03,Indore,Vijay Nagar,Full Service,9254
DB1510,Arjun,2024-05-05,Hyderabad,Banjara Hills,Interior Cleaning,5939
DB1511,Sai,2023-05-18,Indore,Vijay Nagar,Ceramic Coating,7011
DB1512,Saanvi,2023-08-08,Indore,Vijay Nagar,Ceramic Coating,4339
DB1513,Shaurya,2023-12-26,Mumbai,Andheri,Full Service,9654
DB1514,Vihaan,2024-01-17,Pune,Viman Nagar,Exterior Wash,9069
DB1515,Avni,2023-04-29,Mumbai,Andheri,Exterior Wash,4247
DB1516,Vivaan,2024-05-02,Pune,Viman Nagar,Exterior Wash,6803
DB1517,Pari,2023-12-17,Ahmedabad,Navrangpura,Ceramic Coating,9214
DB1518,Anaya,2024-06-05,Delhi,Connaught Place,Ceramic Coating,8069
DB1519,Shaurya,2023-07-02,Delhi,Connaught Place,Ceramic Coating,6446
DB1520,Avni,2023-05-04,Pune,Viman Nagar,Ceramic Coating,2961
DB1521,Meera,2023-06-21,Pune,Viman Nagar,Exterior Wash,7531
DB1522,Krishna,2023-05-02,Delhi,Connaught Place,Ceramic Coating,1756
DB1523,Myra,2024-06-13,Pune,Viman Nagar,Exterior Wash,801
DB1524,Ira,2023-12-26,Indore,Vijay Nagar,Full Service,9289
DB1525,Myra,2023-08-23,Mumbai,Andheri,Interior Cleaning,5058
DB1526,Avni,2024-03-11,Indore,Vijay Nagar,Full Service,4582
DB1527,Diya,2024-02-11,Hyderabad,Banjara Hills,Interior Cleaning,4254
DB1528,Aarav,2024-02-25,Ahmedabad,Navrangpura,Full Service,9394
DB1529,Krishna,2023-01-19,Chennai,T. Nagar,Full Service,9996
DB1530,Arjun,2023-05-08,Indore,Vijay Nagar,Ceramic Coating,9053
DB1531,Pari,2023-07-05,Ahmedabad,Navrangpura,Exterior Wash,6495
DB1532,Aditya,2023-09-18,Delhi,Connaught Place,Ceramic Coating,5843
DB1533,Atharv,2024-05-05,Hyderabad,Banjara Hills,Ceramic Coating,6945
DB1534,Vivaan,2023-08-19,Delhi,Connaught Place,Ceramic Coating,5632
DB1535,Riya,2024-01-28,Chennai,T. Nagar,Interior Cleaning,3149
DB1536,Diya,2023-11-10,Delhi,Connaught Place,Interior Cleaning,1537
DB1537,Riya,2024-02-22,Bangalore,Koramangala,Ceramic Coating,2278
DB1538,Meera,2023-03-11,Hyderabad,Banjara Hills,Interior Cleaning,2679
DB1539,Vihaan,2024-01-16,Chennai,T. Nagar,Interior Cleaning,1513
DB1540,Arjun,2023-08-15,Pune,Viman Nagar,Exterior Wash,2523
DB1541,Atharv,2024-02-09,Pune,Viman Nagar,Interior Cleaning,6391
DB1542,Myra,2023-07-07,Chennai,T. Nagar,Exterior Wash,3063
DB1543,Ira,2023-08-09,Bangalore,Koramangala,Ceramic Coating,4931
DB1544,Riya,2023-02-24,Chennai,T. Nagar,Ceramic Coating,661
DB1545,Meera,2023-06-08,Delhi,Connaught Place,Full Service,6497
DB1546,Myra,2023-07-30,Chennai,T. Nagar,Interior Cleaning,5933
DB1547,Vihaan,2023-04-27,Ahmedabad,Navrangpura,Full Service,9123
DB1548,Saanvi,2023-12-16,Indore,Vijay Nagar,Exterior Wash,1669
DB1549,Anaya,2023-04-23,Bangalore,Koramangala,Exterior Wash,1519
DB1550,Myra,2023-04-28,Delhi,Connaught Place,Exterior Wash,1783
DB1551,Anaya,2023-02-16,Pune,Viman Nagar,Full Service,2625
DB1552,Aanya,2023-05-04,Indore,Vijay Nagar,Exterior Wash,3971
DB1553,Riya,2024-05-19,Hyderabad,Banjara Hills,Interior Cleaning,2597
DB1554,Myra,2023-09-11,Pune,Viman Nagar,Exterior Wash,8686
DB1555,Aditya,2024-03-01,Pune,Viman Nagar,Interior Cleaning,8499
DB1556,Atharv,2023-02-18,Ahmedabad,Navrangpura,Exterior Wash,3831
DB1557,Avni,2023-10-22,Bangalore,Koramangala,Exterior Wash,3339
DB1558,Vihaan,2023-11-09,Pune,Viman Nagar,Exterior Wash,1185
DB1559,Riya,2023-12-30,Ahmedabad,Navrangpura,Exterior Wash,7368
DB1560,Diya,2024-02-12,Mumbai,Andheri,Interior Cleaning,9935
DB1561,Ira,2023-06-12,Ahmedabad,Navrangpura,Interior Cleaning,2514
DB1562,Sai,2023-07-24,Chennai,T. Nagar,Exterior Wash,5847
DB1563,Aanya,2023-09-07,Delhi,Connaught Place,Exterior Wash,1189
DB1564,Sai,2024-06-02,Indore,Vijay Nagar,Full Service,1171
DB1565,Riya,2023-07-22,Ahmedabad,Navrangpura,Full Service,9635
DB1566,Atharv,2023-07-18,Mumbai,Andheri,Ceramic Coating,4459
DB1567,Arjun,2023-05-22,Mumbai,Andheri,Exterior Wash,4170
DB1568,Meera,2023-11-01,Bangalore,Koramangala,Exterior Wash,7088
DB1569,Aarav,2024-02-29,Mumbai,Andheri,Exterior Wash,8375
DB1570,Krishna,2024-05-04,Pune,Viman Nagar,Full Service,2836
DB1571,Aanya,2023-12-20,Delhi,Connaught Place,Full Service,5124
DB1572,Sai,2024-05-08,Mumbai,Andheri,Exterior Wash,2037
DB1573,Pari,2023-01-22,Delhi,Connaught Place,Interior Cleaning,7485
DB1574,Pari,2023-04-08,Ahmedabad,Navrangpura,Full Service,4250
DB1575,Diya,2023-03-27,Ahmedabad,Navrangpura,Full Service,8603
DB1576,Atharv,2023-10-21,Bangalore,Koramangala,Ceramic Coating,2354
DB1577,Krishna,2023-02-01,Hyderabad,Banjara Hills,Ceramic Coating,9869
DB1578,Vihaan,2024-01-18,Pune,Viman Nagar,Ceramic Coating,6274
DB1579,Ishaan,2024-01-11,Hyderabad,Banjara Hills,Full Service,2249
DB1580,Shaurya,2024-01-16,Ahmedabad,Navrangpura,Interior Cleaning,4367
DB1581,Saanvi,2023-01-26,Indore,Vijay Nagar,Interior Cleaning,6379
DB1582,Aditya,2023-09-11,Ahmedabad,Navrangpura,Ceramic Coating,7764
DB1583,Sai,2023-08-15,Indore,Vijay Nagar,Ceramic Coating,7244
DB1584,Avni,2024-01-14,Bangalore,Koramangala,Full Service,7352
DB1585,Aanya,2023-11-03,Ahmedabad,Navrangpura,Ceramic Coating,507
DB1586,Shaurya,2024-05-22,Chennai,T. Nagar,Exterior Wash,7739
DB1587,Ishaan,2023-08-26,Mumbai,Andheri,Interior Cleaning,7471
DB1588,Sai,2024-04-12,Chennai,T. Nagar,Interior Cleaning,3322
DB1589,Myra,2024-01-22,Bangalore,Koramangala,Full Service,2398
DB1590,Sai,2023-02-09,Delhi,Connaught Place,Ceramic Coating,3700
DB1591,Arjun,2024-06-03,Ahmedabad,Navrangpura,Ceramic Coating,1187
DB1592,Sai,2023-09-17,Pune,Viman Nagar,Interior Cleaning,6406
DB1593,Shaurya,2024-06-27,Chennai,T. Nagar,Full Service,7683
DB1594,Myra,2023-05-09,Indore,Vijay Nagar,Exterior Wash,4104
DB1595,Vivaan,2023-09-26,Chennai,T. Nagar,Ceramic Coating,1625
DB1596,Arjun,2024-05-20,Delhi,Connaught Place,Full Service,4364
DB1597,Arjun,2024-01-17,Bangalore,Koramangala,Exterior Wash,764
DB1598,Sai,2024-01-07,Mumbai,Andheri,Interior Cleaning,8044
DB1599,Vivaan,2024-01-30,Indore,Vijay Nagar,Ceramic Coating,3004
DB1600,Aditya,2023-08-14,Chennai,T. Nagar,Ceramic Coating,9677
DB1601,Aarav,2023-10-04,Hyderabad,Banjara Hills,Full Service,2215
DB1602,Shaurya,2024-06-29,Bangalore,Koramangala,Full Service,5933
DB1603,Pari,2023-03-16,Ahmedabad,Navrangpura,Interior Cleaning,6916
DB1604,Riya,2023-10-16,Hyderabad,Banjara Hills,Ceramic Coating,6549
DB1605,Aditya,2023-03-07,Ahmedabad,Navrangpura,Ceramic Coating,655
DB1606,Krishna,2023-02-16,Pune,Viman Nagar,Exterior Wash,6279
DB1607,Aarav,2023-05-04,Ahmedabad,Navrangpura,Full Service,9546
DB1608,Aditya,2023-07-10,Chennai,T. Nagar,Interior Cleaning,6540
DB1609,Aditya,2023-05-23,Delhi,Connaught Place,Exterior Wash,1448
DB1610,Riya,2023-10-29,Pune,Viman Nagar,Ceramic Coating,959
DB1611,Krishna,2024-02-05,Delhi,Connaught Place,Full Service,2287
DB1612,Avni,2023-07-26,Bangalore,Koramangala,Exterior Wash,5241
DB1613,Vivaan,2023-09-08,Ahmedabad,Navrangpura,Interior Cleaning,3097
DB1614,Vihaan,2023-05-22,Hyderabad,Banjara Hills,Ceramic Coating,6161
DB1615,Riya,2024-05-21,Delhi,Connaught Place,Exterior Wash,923
DB1616,Sai,2023-09-27,Indore,Vijay Nagar,Interior Cleaning,2467
DB1617,Ira,2023-03-24,Bangalore,Koramangala,Full Service,5894
DB1618,Riya,2023-10-11,Hyderabad,Banjara Hills,Full Service,7730
DB1619,Meera,2023-03-14,Indore,Vijay Nagar,Ceramic Coating,4993
DB1620,Sai,2023-04-30,Hyderabad,Banjara Hills,Exterior Wash,3223
DB1621,Shaurya,2024-04-09,Ahmedabad,Navrangpura,Exterior Wash,2262
DB1622,Shaurya,2023-11-30,Chennai,T. Nagar,Full Service,8759
DB1623,Shaurya,2024-05-28,Hyderabad,Banjara Hills,Interior Cleaning,6217
DB1624,Pari,2023-05-07,Hyderabad,Banjara Hills,Interior Cleaning,2979
DB1625,Aditya,2023-09-25,Bangalore,Koramangala,Ceramic Coating,1992
DB1626,Pari,2023-11-21,Chennai,T. Nagar,Exterior Wash,8351
DB1627,Shaurya,2023-07-20,Chennai,T. Nagar,Full Service,9668
DB1628,Aarav,2024-04-26,Ahmedabad,Navrangpura,Exterior Wash,842
DB1629,Ishaan,2024-03-06,Chennai,T. Nagar,Interior Cleaning,6817
DB1630,Shaurya,2024-06-10,Bangalore,Koramangala,Interior Cleaning,7248
DB1631,Ishaan,2024-02-10,Hyderabad,Banjara Hills,Full Service,4240
DB1632,Vihaan,2023-06-28,Indore,Vijay Nagar,Full Service,1271
DB1633,Diya,2024-02-10,Hyderabad,Banjara Hills,Full Service,693
DB1634,Shaurya,2023-06-11,Delhi,Connaught Place,Ceramic Coating,9802
DB1635,Avni,2023-09-19,Delhi,Connaught Place,Exterior Wash,5375
DB1636,Ishaan,2023-09-19,Bangalore,Koramangala,Ceramic Coating,8116
DB1637,Myra,2024-03-16,Delhi,Connaught Place,Full Service,8833
DB1638,Pari,2023-10-18,Hyderabad,Banjara Hills,Ceramic Coating,6308
DB1639,Ira,2023-02-18,Delhi,Connaught Place,Interior Cleaning,1659
DB1640,Aarav,2024-02-08,Mumbai,Andheri,Full Service,840
DB1641,Atharv,2023-11-14,Bangalore,Koramangala,Interior Cleaning,6876
DB1642,Arjun,2023-12-10,Delhi,Connaught Place,Exterior Wash,1355
DB1643,Shaurya,2023-07-02,Indore,Vijay Nagar,Exterior Wash,6323
DB1644,Meera,2024-05-08,Bangalore,Koramangala,Exterior Wash,4129
DB1645,Ishaan,2023-01-01,Chennai,T. Nagar,Full Service,6632
DB1646,Diya,2023-04-19,Hyderabad,Banjara Hills,Ceramic Coating,6548
DB1647,Krishna,2023-10-28,Chennai,T. Nagar,Interior Cleaning,5115
DB1648,Ira,2023-06-02,Indore,Vijay Nagar,Interior Cleaning,3552
DB1649,Saanvi,2024-03-06,Indore,Vijay Nagar,Ceramic Coating,7493
DB1650,Aarav,2023-11-20,Indore,Vijay Nagar,Ceramic Coating,1093
DB1651,Meera,2024-04-29,Indore,Vijay Nagar,Ceramic Coating,1435
DB1652,Saanvi,2023-03-25,Delhi,Connaught Place,Ceramic Coating,8422
DB1653,Krishna,2023-02-10,Mumbai,Andheri,Full Service,4368
DB1654,Atharv,2023-04-15,Mumbai,Andheri,Full Service,9601
DB1655,Meera,2023-07-29,Pune,Viman Nagar,Exterior Wash,8044
DB1656,Aditya,2024-06-23,Chennai,T. Nagar,Interior Cleaning,2128
DB1657,Pari,2024-01-22,Pune,Viman Nagar,Ceramic Coating,6901
DB1658,Shaurya,2023-03-22,Pune,Viman Nagar,Ceramic Coating,2966
DB1659,Aarav,2023-08-23,Indore,Vijay Nagar,Exterior Wash,2498
DB1660,Saanvi,2023-12-23,Indore,Vijay Nagar,Full Service,7564
DB1661,Sai,2023-10-06,Chennai,T. Nagar,Exterior Wash,1630
DB1662,Aditya,2024-02-24,Hyderabad,Banjara Hills,Full Service,2620
DB1663,Diya,2023-01-30,Mumbai,Andheri,Ceramic Coating,1974
DB1664,Diya,2023-07-14,Indore,Vijay Nagar,Exterior Wash,3634
DB1665,Ishaan,2023-01-23,Bangalore,Koramangala,Ceramic Coating,1641
DB1666,Aarav,2024-01-15,Ahmedabad,Navrangpura,Full Service,3861
DB1667,Arjun,2024-03-15,Indore,Vijay Nagar,Ceramic Coating,7064
DB1668,Anaya,2023-07-12,Chennai,T. Nagar,Full Service,3773
DB1669,Avni,2024-03-19,Chennai,T. Nagar,Full Service,6046
DB1670,Aanya,2024-04-23,Delhi,Connaught Place,Exterior Wash,2329
DB1671,Ishaan,2023-11-21,Mumbai,Andheri,Ceramic Coating,4199
DB1672,Diya,2024-03-15,Pune,Viman Nagar,Exterior Wash,1554
DB1673,Saanvi,2024-01-23,Hyderabad,Banjara Hills,Interior Cleaning,7480
DB1674,Aditya,2024-01-11,Bangalore,Koramangala,Exterior Wash,8439
DB1675,Ira,2023-06-04,Pune,Viman Nagar,Full Service,7091
DB1676,Meera,2023-08-22,Mumbai,Andheri,Interior Cleaning,6768
DB1677,Atharv,2023-09-02,Hyderabad,Banjara Hills,Interior Cleaning,2672
DB1678,Atharv,2024-07-02,Chennai,T. Nagar,Exterior Wash,7289
DB1679,Saanvi,2023-07-20,Hyderabad,Banjara Hills,Exterior Wash,4654
DB1680,Riya,2024-03-06,Delhi,Connaught Place,Exterior Wash,4307
DB1681,Vihaan,2023-10-05,Hyderabad,Banjara Hills,Exterior Wash,2852
DB1682,Meera,2023-12-31,Bangalore,Koramangala,Interior Cleaning,1939
DB1683,Meera,2023-04-19,Mumbai,Andheri,Exterior Wash,840
DB1684,Diya,2024-01-18,Hyderabad,Banjara Hills,Ceramic Coating,638
DB1685,Vihaan,2023-12-25,Bangalore,Koramangala,Exterior Wash,2127
DB1686,Aditya,2023-10-07,Hyderabad,Banjara Hills,Full Service,7152
DB1687,Aditya,2023-09-30,Chennai,T. Nagar,Interior Cleaning,2651
DB1688,Meera,2023-08-02,Hyderabad,Banjara Hills,Full Service,3067
DB1689,Arjun,2023-10-11,Delhi,Connaught Place,Exterior Wash,4230
DB1690,Vivaan,2023-03-05,Bangalore,Koramangala,Interior Cleaning,2208
DB1691,Aanya,2023-05-20,Indore,Vijay Nagar,Ceramic Coating,8184
DB1692,Riya,2023-07-03,Delhi,Connaught Place,Interior Cleaning,1382
DB1693,Pari,2023-05-27,Chennai,T. Nagar,Ceramic Coating,7463
DB1694,Sai,2023-08-16,Bangalore,Koramangala,Exterior Wash,8625
DB1695,Anaya,2023-08-04,Bangalore,Koramangala,Full Service,3308
DB1696,Avni,2024-05-13,Delhi,Connaught Place,Full Service,6568
DB1697,Meera,2023-03-23,Indore,Vijay Nagar,Full Service,3319
DB1698,Aditya,2023-12-31,Ahmedabad,Navrangpura,Full Service,2363
DB1699,Myra,2023-04-26,Delhi,Connaught Place,Exterior Wash,4435
DB1700,Sai,2023-05-27,Bangalore,Koramangala,Full Service,7480
DB1701,Anaya,2023-01-13,Pune,Viman Nagar,Exterior Wash,8682
DB1702,Aanya,2023-04-24,Bangalore,Koramangala,Interior Cleaning,3453
DB1703,Pari,2023-11-16,Chennai,T. Nagar,Interior Cleaning,4235
DB1704,Anaya,2024-06-30,Bangalore,Koramangala,Full Service,8037
DB1705,Saanvi,2023-09-21,Ahmedabad,Navrangpura,Full Service,9233
DB1706,Vihaan,2023-03-06,Delhi,Connaught Place,Exterior Wash,6644
DB1707,Myra,2024-07-02,Ahmedabad,Navrangpura,Ceramic Coating,8568
DB1708,Shaurya,2023-07-07,Indore,Vijay Nagar,Exterior Wash,4247
DB1709,Vivaan,2024-06-30,Indore,Vijay Nagar,Ceramic Coating,5397
DB1710,Vihaan,2024-01-19,Pune,Viman Nagar,Full Service,1881
DB1711,Aditya,2023-03-16,Ahmedabad,Navrangpura,Full Service,9601
DB1712,Myra,2023-07-07,Hyderabad,Banjara Hills,Ceramic Coating,5909
DB1713,Meera,2023-02-14,Bangalore,Koramangala,Interior Cleaning,6147
DB1714,Ishaan,2023-03-07,Delhi,Connaught Place,Full Service,8413
DB1715,Pari,2024-01-15,Pune,Viman Nagar,Ceramic Coating,6965
DB1716,Myra,2024-03-25,Ahmedabad,Navrangpura,Full Service,3055
DB1717,Krishna,2023-10-17,Bangalore,Koramangala,Ceramic Coating,1738
DB1718,Krishna,2023-01-27,Hyderabad,Banjara Hills,Full Service,2868
DB1719,Myra,2023-08-21,Hyderabad,Banjara Hills,Full Service,7980
DB1720,Saanvi,2023-10-08,Indore,Vijay Nagar,Full Service,7187
DB1721,Atharv,2024-03-21,Mumbai,Andheri,Ceramic Coating,6075
DB1722,Avni,2023-06-09,Pune,Viman Nagar,Interior Cleaning,7055
DB1723,Anaya,2023-02-22,Pune,Viman Nagar,Interior Cleaning,7346
DB1724,Myra,2023-09-17,Bangalore,Koramangala,Full Service,7419
DB1725,Diya,2024-04-10,Indore,Vijay Nagar,Full Service,5445
DB1726,Aanya,2023-12-20,Delhi,Connaught Place,Ceramic Coating,8258
DB1727,Saanvi,2024-03-16,Mumbai,Andheri,Exterior Wash,2309
DB1728,Sai,2023-04-06,Delhi,Connaught Place,Full Service,9509
DB1729,Arjun,2024-01-25,Chennai,T. Nagar,Exterior Wash,6451
DB1730,Aanya,2023-06-06,Delhi,Connaught Place,Exterior Wash,6238
DB1731,Vivaan,2023-05-17,Chennai,T. Nagar,Ceramic Coating,9510
DB1732,Meera,2023-05-21,Delhi,Connaught Place,Interior Cleaning,6591
DB1733,Saanvi,2024-02-25,Mumbai,Andheri,Full Service,6861
DB1734,Aanya,2023-06-24,Hyderabad,Banjara Hills,Exterior Wash,9620
DB1735,Diya,2024-06-19,Bangalore,Koramangala,Exterior Wash,5388
DB1736,Riya,2024-06-16,Bangalore,Koramangala,Full Service,1816
DB1737,Pari,2023-04-11,Indore,Vijay Nagar,Ceramic Coating,9715
DB1738,Anaya,2023-12-21,Ahmedabad,Navrangpura,Interior Cleaning,8435
DB1739,Diya,2023-08-15,Delhi,Connaught Place,Ceramic Coating,6074
DB1740,Avni,2023-01-13,Hyderabad,Banjara Hills,Exterior Wash,4924
DB1741,Aanya,2023-06-15,Pune,Viman Nagar,Ceramic Coating,2505
DB1742,Myra,2023-04-10,Indore,Vijay Nagar,Exterior Wash,2272
DB1743,Shaurya,2023-06-11,Ahmedabad,Navrangpura,Ceramic Coating,7930
DB1744,Aditya,2023-10-01,Chennai,T. Nagar,Interior Cleaning,9631
DB1745,Ishaan,2023-05-29,Pune,Viman Nagar,Interior Cleaning,5684
DB1746,Aanya,2023-12-22,Bangalore,Koramangala,Exterior Wash,7980
DB1747,Atharv,2023-02-18,Hyderabad,Banjara Hills,Ceramic Coating,8482
DB1748,Atharv,2023-02-22,Pune,Viman Nagar,Exterior Wash,4248
DB1749,Vivaan,2023-04-12,Pune,Viman Nagar,Exterior Wash,7511
DB1750,Atharv,2024-02-02,Bangalore,Koramangala,Exterior Wash,9078
DB1751,Sai,2023-04-21,Delhi,Connaught Place,Ceramic Coating,3753
DB1752,Aanya,2024-06-19,Delhi,Connaught Place,Ceramic Coating,1901
DB1753,Sai,2023-07-07,Delhi,Connaught Place,Ceramic Coating,4714
DB1754,Pari,2023-06-05,Indore,Vijay Nagar,Exterior Wash,3245
DB1755,Atharv,2024-05-16,Bangalore,Koramangala,Full Service,3292
DB1756,Sai,2024-02-25,Indore,Vijay Nagar,Ceramic Coating,2024
DB1757,Krishna,2023-02-02,Chennai,T. Nagar,Exterior Wash,4209
DB1758,Pari,2023-01-12,Ahmedabad,Navrangpura,Full Service,7016
DB1759,Myra,2024-04-28,Indore,Vijay Nagar,Ceramic Coating,4902
DB1760,Aanya,2024-04-01,Ahmedabad,Navrangpura,Exterior Wash,9335
DB1761,Shaurya,2023-07-14,Hyderabad,Banjara Hills,Interior Cleaning,5845
DB1762,Myra,2024-02-16,Indore,Vijay Nagar,Ceramic Coating,7114
DB1763,Vihaan,2023-08-06,Mumbai,Andheri,Ceramic Coating,9084
DB1764,Aanya,2024-03-09,Indore,Vijay Nagar,Ceramic Coating,7183
DB1765,Shaurya,2023-10-05,Delhi,Connaught Place,Full Service,8159
DB1766,Atharv,2023-07-18,Delhi,Connaught Place,Interior Cleaning,7968
DB1767,Aanya,2023-12-05,Hyderabad,Banjara Hills,Exterior Wash,7099
DB1768,Vihaan,2023-12-26,Indore,Vijay Nagar,Full Service,3983
DB1769,Aarav,2024-05-05,Delhi,Connaught Place,Full Service,7207
DB1770,Anaya,2023-04-12,Indore,Vijay Nagar,Exterior Wash,5281
DB1771,Saanvi,2023-08-30,Mumbai,Andheri,Exterior Wash,8263
DB1772,Aanya,2023-12-27,Ahmedabad,Navrangpura,Interior Cleaning,2196
DB1773,Vivaan,2024-02-26,Indore,Vijay Nagar,Ceramic Coating,4144
DB1774,Ira,2023-05-02,Hyderabad,Banjara Hills,Interior Cleaning,3145
DB1775,Avni,2024-03-21,Pune,Viman Nagar,Interior Cleaning,2432
DB1776,Aditya,2023-08-11,Pune,Viman Nagar,Interior Cleaning,1616
DB1777,Diya,2024-06-03,Hyderabad,Banjara Hills,Full Service,9311
DB1778,Saanvi,2023-06-10,Ahmedabad,Navrangpura,Full Service,5458
DB1779,Sai,2024-05-06,Delhi,Connaught Place,Ceramic Coating,9967
DB1780,Diya,2023-03-31,Bangalore,Koramangala,Exterior Wash,7686
DB1781,Sai,2023-11-07,Pune,Viman Nagar,Interior Cleaning,9975
DB1782,Vivaan,2023-05-05,Delhi,Connaught Place,Full Service,8936
DB1783,Vivaan,2024-03-25,Indore,Vijay Nagar,Ceramic Coating,3712
DB1784,Ishaan,2023-12-28,Pune,Viman Nagar,Ceramic Coating,7476
DB1785,Krishna,2024-03-02,Delhi,Connaught Place,Full Service,4167
DB1786,Diya,2023-04-03,Delhi,Connaught Place,Exterior Wash,6717
DB1787,Arjun,2024-07-01,Chennai,T. Nagar,Ceramic Coating,4509
DB1788,Aanya,2023-09-12,Hyderabad,Banjara Hills,Ceramic Coating,2717
DB1789,Ishaan,2023-11-18,Ahmedabad,Navrangpura,Full Service,4944
DB1790,Diya,2024-03-26,Hyderabad,Banjara Hills,Exterior Wash,3287
DB1791,Vivaan,2023-09-22,Bangalore,Koramangala,Exterior Wash,4243
DB1792,Saanvi,2023-11-23,Bangalore,Koramangala,Ceramic Coating,2951
DB1793,Ira,2023-12-25,Delhi,Connaught Place,Interior Cleaning,8807
DB1794,Avni,2023-04-01,Chennai,T. Nagar,Exterior Wash,2661
DB1795,Myra,2023-02-27,Chennai,T. Nagar,Ceramic Coating,4286
DB1796,Shaurya,2023-02-10,Hyderabad,Banjara Hills,Interior Cleaning,9908
DB1797,Vivaan,2024-02-05,Ahmedabad,Navrangpura,Exterior Wash,3280
DB1798,Aanya,2023-09-13,Ahmedabad,Navrangpura,Full Service,1160
DB1799,Diya,2023-04-09,Mumbai,Andheri,Full Service,1632
DB1800,Anaya,2023-07-18,Indore,Vijay Nagar,Full Service,6797
DB1801,Ira,2024-02-09,Chennai,T. Nagar,Full Service,9565
DB1802,Anaya,2023-03-25,Mumbai,Andheri,Ceramic Coating,3680
DB1803,Ishaan,2023-08-09,Delhi,Connaught Place,Ceramic Coating,1114
DB1804,Vihaan,2024-05-08,Mumbai,Andheri,Full Service,2968
DB1805,Ishaan,2024-01-02,Indore,Vijay Nagar,Exterior Wash,4107
DB1806,Atharv,2024-06-19,Chennai,T. Nagar,Full Service,789
DB1807,Riya,2024-03-08,Indore,Vijay Nagar,Exterior Wash,1080
DB1808,Shaurya,2023-09-11,Delhi,Connaught Place,Exterior Wash,4332
DB1809,Arjun,2023-11-22,Delhi,Connaught Place,Interior Cleaning,7034
DB1810,Riya,2023-03-26,Bangalore,Koramangala,Ceramic Coating,6310
DB1811,Anaya,2023-12-08,Chennai,T. Nagar,Ceramic Coating,3609
DB1812,Vihaan,2024-05-25,Indore,Vijay Nagar,Exterior Wash,6528
DB1813,Avni,2023-12-09,Pune,Viman Nagar,Interior Cleaning,7180
DB1814,Meera,2023-04-22,Pune,Viman Nagar,Exterior Wash,5091
DB1815,Anaya,2024-01-14,Pune,Viman Nagar,Ceramic Coating,5641
DB1816,Ishaan,2023-08-01,Delhi,Connaught Place,Ceramic Coating,3773
DB1817,Vivaan,2023-02-01,Indore,Vijay Nagar,Interior Cleaning,9212
DB1818,Atharv,2024-04-24,Pune,Viman Nagar,Exterior Wash,3332
DB1819,Anaya,2024-03-11,Delhi,Connaught Place,Full Service,3300
DB1820,Meera,2023-07-10,Chennai,T. Nagar,Exterior Wash,7861
DB1821,Anaya,2023-04-14,Ahmedabad,Navrangpura,Full Service,2414
DB1822,Aarav,2023-07-17,Indore,Vijay Nagar,Full Service,666
DB1823,Saanvi,2024-05-23,Mumbai,Andheri,Full Service,1180
DB1824,Shaurya,2024-04-21,Hyderabad,Banjara Hills,Interior Cleaning,4857
DB1825,Riya,2023-12-06,Hyderabad,Banjara Hills,Full Service,3908
DB1826,Pari,2023-03-17,Indore,Vijay Nagar,Exterior Wash,2730
DB1827,Aarav,2023-07-11,Delhi,Connaught Place,Full Service,3671
DB1828,Vihaan,2024-06-27,Mumbai,Andheri,Exterior Wash,5446
DB1829,Riya,2023-02-12,Bangalore,Koramangala,Ceramic Coating,4673
DB1830,Vivaan,2023-09-27,Hyderabad,Banjara Hills,Full Service,7371
DB1831,Meera,2023-11-11,Pune,Viman Nagar,Exterior Wash,1492
DB1832,Meera,2023-06-17,Hyderabad,Banjara Hills,Exterior Wash,1976
DB1833,Pari,2023-10-10,Pune,Viman Nagar,Ceramic Coating,2355
DB1834,Meera,2024-04-27,Chennai,T. Nagar,Ceramic Coating,5486
DB1835,Riya,2024-04-02,Indore,Vijay Nagar,Ceramic Coating,3593
DB1836,Arjun,2023-11-09,Ahmedabad,Navrangpura,Full Service,3777
DB1837,Aditya,2024-01-10,Mumbai,Andheri,Ceramic Coating,5190
DB1838,Avni,2023-06-28,Chennai,T. Nagar,Ceramic Coating,7791
DB1839,Diya,2023-04-23,Pune,Viman Nagar,Exterior Wash,639
DB1840,Sai,2024-02-05,Delhi,Connaught Place,Exterior Wash,6543
DB1841,Aarav,2023-03-10,Pune,Viman Nagar,Interior Cleaning,4451
DB1842,Meera,2024-05-03,Pune,Viman Nagar,Exterior Wash,8558
DB1843,Anaya,2024-03-25,Indore,Vijay Nagar,Ceramic Coating,6932
DB1844,Riya,2023-05-21,Pune,Viman Nagar,Full Service,6858
DB1845,Riya,2024-02-07,Hyderabad,Banjara Hills,Ceramic Coating,6981
DB1846,Ishaan,2023-12-27,Mumbai,Andheri,Interior Cleaning,6288
DB1847,Saanvi,2023-07-21,Mumbai,Andheri,Interior Cleaning,8237
DB1848,Shaurya,2023-11-21,Hyderabad,Banjara Hills,Interior Cleaning,4302
DB1849,Krishna,2023-07-23,Bangalore,Koramangala,Full Service,6741
DB1850,Aditya,2023-12-11,Ahmedabad,Navrangpura,Interior Cleaning,6255
DB1851,Aanya,2023-06-15,Indore,Vijay Nagar,Full Service,2018
DB1852,Riya,2023-08-18,Bangalore,Koramangala,Exterior Wash,2695
DB1853,Meera,2023-04-18,Chennai,T. Nagar,Full Service,3349
DB1854,Anaya,2023-05-14,Bangalore,Koramangala,Interior Cleaning,8019
DB1855,Shaurya,2023-11-22,Bangalore,Koramangala,Ceramic Coating,5678
DB1856,Vivaan,2024-05-22,Hyderabad,Banjara Hills,Ceramic Coating,9780
DB1857,Atharv,2023-06-03,Hyderabad,Banjara Hills,Full Service,5257
DB1858,Vihaan,2023-09-05,Mumbai,Andheri,Interior Cleaning,4620
DB1859,Aarav,2023-10-11,Delhi,Connaught Place,Exterior Wash,9783
DB1860,Saanvi,2023-01-07,Delhi,Connaught Place,Ceramic Coating,582
DB1861,Shaurya,2024-02-24,Hyderabad,Banjara Hills,Interior Cleaning,7571
DB1862,Pari,2023-09-19,Pune,Viman Nagar,Exterior Wash,5437
DB1863,Avni,2024-01-05,Bangalore,Koramangala,Ceramic Coating,8174
DB1864,Anaya,2023-12-07,Indore,Vijay Nagar,Ceramic Coating,4176
DB1865,Shaurya,2024-01-14,Bangalore,Koramangala,Interior Cleaning,3462
DB1866,Saanvi,2023-09-05,Bangalore,Koramangala,Exterior Wash,9756
DB1867,Avni,2023-06-19,Chennai,T. Nagar,Exterior Wash,9060
DB1868,Anaya,2023-05-31,Ahmedabad,Navrangpura,Ceramic Coating,5666
DB1869,Arjun,2024-01-01,Bangalore,Koramangala,Ceramic Coating,5397
DB1870,Aanya,2023-10-23,Hyderabad,Banjara Hills,Interior Cleaning,4401
DB1871,Aarav,2023-11-10,Bangalore,Koramangala,Ceramic Coating,2129
DB1872,Atharv,2023-10-31,Mumbai,Andheri,Interior Cleaning,4870
DB1873,Myra,2023-06-13,Ahmedabad,Navrangpura,Interior Cleaning,2493
DB1874,Atharv,2024-05-08,Delhi,Connaught Place,Exterior Wash,8286
DB1875,Saanvi,2023-10-22,Chennai,T. Nagar,Ceramic Coating,3412
DB1876,Shaurya,2024-07-02,Mumbai,Andheri,Ceramic Coating,3758
DB1877,Aanya,2024-03-20,Bangalore,Koramangala,Ceramic Coating,9433
DB1878,Avni,2024-02-24,Chennai,T. Nagar,Full Service,6168
DB1879,Avni,2023-12-01,Mumbai,Andheri,Full Service,8329
DB1880,Aanya,2024-05-26,Mumbai,Andheri,Exterior Wash,7415
DB1881,Krishna,2023-08-02,Hyderabad,Banjara Hills,Full Service,8503
DB1882,Aarav,2023-07-26,Indore,Vijay Nagar,Full Service,8812
DB1883,Sai,2024-01-20,Pune,Viman Nagar,Exterior Wash,5603
DB1884,Avni,2023-01-21,Indore,Vijay Nagar,Full Service,3168
DB1885,Riya,2023-10-30,Bangalore,Koramangala,Full Service,5559
DB1886,Aarav,2023-03-10,Chennai,T. Nagar,Ceramic Coating,2830
DB1887,Atharv,2023-11-08,Indore,Vijay Nagar,Exterior Wash,8968
DB1888,Riya,2023-03-02,Ahmedabad,Navrangpura,Exterior Wash,3091
DB1889,Vihaan,2024-01-24,Pune,Viman Nagar,Interior Cleaning,1700
DB1890,Krishna,2023-12-28,Ahmedabad,Navrangpura,Exterior Wash,7524
DB1891,Shaurya,2023-08-01,Pune,Viman Nagar,Full Service,3094
DB1892,Shaurya,2023-02-08,Pune,Viman Nagar,Exterior Wash,586
DB1893,Diya,2024-04-09,Indore,Vijay Nagar,Ceramic Coating,7468
DB1894,Anaya,2024-04-01,Hyderabad,Banjara Hills,Full Service,3200
DB1895,Anaya,2024-01-07,Ahmedabad,Navrangpura,Full Service,5664
DB1896,Ishaan,2024-02-05,Hyderabad,Banjara Hills,Interior Cleaning,9176
DB1897,Aarav,2023-01-18,Pune,Viman Nagar,Exterior Wash,5233
DB1898,Atharv,2023-08-23,Bangalore,Koramangala,Interior Cleaning,5229
DB1899,Vihaan,2023-04-25,Mumbai,Andheri,Exterior Wash,7678
DB1900,Krishna,2023-07-25,Indore,Vijay Nagar,Full Service,646
DB1901,Anaya,2023-04-28,Pune,Viman Nagar,Ceramic Coating,6283
DB1902,Shaurya,2023-12-29,Indore,Vijay Nagar,Exterior Wash,3505
DB1903,Meera,2024-04-25,Bangalore,Koramangala,Interior Cleaning,6818
DB1904,Avni,2024-03-24,Mumbai,Andheri,Full Service,4736
DB1905,Pari,2023-04-03,Indore,Vijay Nagar,Exterior Wash,6052
DB1906,Krishna,2023-09-02,Ahmedabad,Navrangpura,Ceramic Coating,6660
DB1907,Myra,2023-03-12,Hyderabad,Banjara Hills,Interior Cleaning,5626
DB1908,Saanvi,2023-11-10,Indore,Vijay Nagar,Exterior Wash,692
DB1909,Aanya,2024-06-12,Delhi,Connaught Place,Full Service,2288
DB1910,Anaya,2024-01-22,Hyderabad,Banjara Hills,Exterior Wash,9859
DB1911,Shaurya,2023-01-25,Ahmedabad,Navrangpura,Ceramic Coating,4404
DB1912,Pari,2023-04-03,Delhi,Connaught Place,Full Service,7273
DB1913,Ira,2023-07-18,Hyderabad,Banjara Hills,Full Service,1158
DB1914,Anaya,2024-03-04,Bangalore,Koramangala,Full Service,4264
DB1915,Ishaan,2024-06-25,Mumbai,Andheri,Full Service,9075
DB1916,Ishaan,2023-07-13,Pune,Viman Nagar,Interior Cleaning,3263
DB1917,Ishaan,2023-07-04,Chennai,T. Nagar,Full Service,9423
DB1918,Saanvi,2023-04-26,Hyderabad,Banjara Hills,Interior Cleaning,6976
DB1919,Riya,2023-12-01,Ahmedabad,Navrangpura,Exterior Wash,1134
DB1920,Meera,2023-11-19,Bangalore,Koramangala,Interior Cleaning,8897
DB1921,Vihaan,2023-02-09,Bangalore,Koramangala,Ceramic Coating,6503
DB1922,Aanya,2023-05-02,Ahmedabad,Navrangpura,Full Service,3806
DB1923,Saanvi,2023-03-03,Delhi,Connaught Place,Ceramic Coating,1170
DB1924,Vivaan,2023-05-04,Hyderabad,Banjara Hills,Ceramic Coating,5667
DB1925,Vihaan,2024-02-13,Ahmedabad,Navrangpura,Exterior Wash,749
DB1926,Arjun,2023-11-10,Ahmedabad,Navrangpura,Exterior Wash,3354
DB1927,Riya,2024-04-24,Delhi,Connaught Place,Full Service,5830
DB1928,Krishna,2023-02-13,Chennai,T. Nagar,Exterior Wash,3442
DB1929,Sai,2023-08-08,Hyderabad,Banjara Hills,Interior Cleaning,1490
DB1930,Arjun,2024-05-04,Hyderabad,Banjara Hills,Interior Cleaning,4145
DB1931,Myra,2024-03-20,Bangalore,Koramangala,Interior Cleaning,3075
DB1932,Ishaan,2024-06-03,Bangalore,Koramangala,Exterior Wash,7904
DB1933,Diya,2024-01-21,Mumbai,Andheri,Ceramic Coating,3778
DB1934,Saanvi,2023-12-02,Mumbai,Andheri,Interior Cleaning,7039
DB1935,Avni,2024-01-06,Pune,Viman Nagar,Ceramic Coating,883
DB1936,Sai,2023-03-03,Delhi,Connaught Place,Full Service,4790
DB1937,Aarav,2023-08-10,Pune,Viman Nagar,Exterior Wash,6611
DB1938,Ira,2023-06-05,Hyderabad,Banjara Hills,Full Service,3415
DB1939,Anaya,2024-03-12,Indore,Vijay Nagar,Ceramic Coating,8147
DB1940,Arjun,2023-12-06,Chennai,T. Nagar,Ceramic Coating,660
DB1941,Ishaan,2024-06-23,Delhi,Connaught Place,Exterior Wash,7218
DB1942,Sai,2024-06-17,Hyderabad,Banjara Hills,Exterior Wash,9299
DB1943,Ira,2024-05-31,Mumbai,Andheri,Ceramic Coating,2603
DB1944,Ishaan,2024-01-01,Indore,Vijay Nagar,Exterior Wash,4672
DB1945,Avni,2023-08-18,Mumbai,Andheri,Ceramic Coating,2878
DB1946,Sai,2023-07-01,Ahmedabad,Navrangpura,Full Service,8990
DB1947,Atharv,2023-04-01,Bangalore,Koramangala,Exterior Wash,7502
DB1948,Anaya,2023-12-17,Ahmedabad,Navrangpura,Exterior Wash,3328
DB1949,Meera,2024-04-03,Pune,Viman Nagar,Full Service,7144
DB1950,Ira,2023-06-15,Ahmedabad,Navrangpura,Interior Cleaning,4004
DB1951,Anaya,2023-12-22,Ahmedabad,Navrangpura,Full Service,8109
DB1952,Aditya,2023-12-21,Ahmedabad,Navrangpura,Exterior Wash,567
DB1953,Meera,2024-06-24,Bangalore,Koramangala,Interior Cleaning,1072
DB1954,Pari,2023-10-03,Bangalore,Koramangala,Full Service,6539
DB1955,Arjun,2024-06-23,Indore,Vijay Nagar,Full Service,5496
DB1956,Atharv,2023-04-23,Chennai,T. Nagar,Interior Cleaning,9729
DB1957,Aanya,2023-10-15,Hyderabad,Banjara Hills,Interior Cleaning,3726
DB1958,Aanya,2024-04-15,Hyderabad,Banjara Hills,Ceramic Coating,4216
DB1959,Shaurya,2023-12-09,Bangalore,Koramangala,Full Service,3404
DB1960,Atharv,2023-07-01,Pune,Viman Nagar,Full Service,7482
DB1961,Aarav,2023-09-17,Indore,Vijay Nagar,Ceramic Coating,7586
DB1962,Ira,2023-04-03,Pune,Viman Nagar,Interior Cleaning,5029
DB1963,Aarav,2023-04-22,Indore,Vijay Nagar,Full Service,5662
DB1964,Diya,2023-07-26,Ahmedabad,Navrangpura,Interior Cleaning,5127
DB1965,Sai,2023-08-10,Bangalore,Koramangala,Ceramic Coating,3755
DB1966,Myra,2023-03-31,Hyderabad,Banjara Hills,Interior Cleaning,9496
DB1967,Aanya,2024-03-13,Ahmedabad,Navrangpura,Ceramic Coating,6555
DB1968,Riya,2023-05-30,Ahmedabad,Navrangpura,Exterior Wash,7629
DB1969,Riya,2023-12-06,Indore,Vijay Nagar,Ceramic Coating,9633
DB1970,Pari,2024-06-02,Hyderabad,Banjara Hills,Full Service,1762
DB1971,Shaurya,2023-06-04,Bangalore,Koramangala,Full Service,2759
DB1972,Saanvi,2023-08-22,Indore,Vijay Nagar,Full Service,7274
DB1973,Anaya,2023-09-21,Indore,Vijay Nagar,Exterior Wash,4305
DB1974,Riya,2024-01-01,Chennai,T. Nagar,Full Service,6250
DB1975,Saanvi,2023-09-25,Delhi,Connaught Place,Ceramic Coating,7453
DB1976,Meera,2023-12-16,Pune,Viman Nagar,Full Service,6565
DB1977,Diya,2023-03-12,Mumbai,Andheri,Interior Cleaning,9454
DB1978,Avni,2023-10-03,Pune,Viman Nagar,Ceramic Coating,7128
DB1979,Aditya,2023-03-25,Hyderabad,Banjara Hills,Interior Cleaning,9275
DB1980,Diya,2023-10-23,Ahmedabad,Navrangpura,Full Service,6526
DB1981,Ishaan,2023-04-20,Hyderabad,Banjara Hills,Interior Cleaning,7211
DB1982,Atharv,2023-03-01,Indore,Vijay Nagar,Ceramic Coating,8087
DB1983,Vihaan,2023-01-13,Hyderabad,Banjara Hills,Interior Cleaning,5957
DB1984,Vivaan,2023-06-15,Indore,Vijay Nagar,Full Service,2511
DB1985,Arjun,2023-10-29,Ahmedabad,Navrangpura,Interior Cleaning,1789
DB1986,Ira,2024-02-28,Ahmedabad,Navrangpura,Full Service,6559
DB1987,Saanvi,2023-04-22,Delhi,Connaught Place,Full Service,3282
DB1988,Atharv,2024-05-04,Hyderabad,Banjara Hills,Ceramic Coating,8917
DB1989,Pari,2023-03-30,Mumbai,Andheri,Full Service,5567
DB1990,Atharv,2024-02-03,Indore,Vijay Nagar,Full Service,7474
DB1991,Krishna,2024-05-17,Hyderabad,Banjara Hills,Exterior Wash,3603
DB1992,Ishaan,2024-01-28,Chennai,T. Nagar,Interior Cleaning,7624
DB1993,Myra,2023-03-23,Ahmedabad,Navrangpura,Exterior Wash,946
DB1994,Sai,2024-03-03,Bangalore,Koramangala,Ceramic Coating,726
DB1995,Avni,2023-02-17,Ahmedabad,Navrangpura,Full Service,686
DB1996,Ishaan,2023-12-11,Hyderabad,Banjara Hills,Exterior Wash,9540
DB1997,Sai,2023-08-17,Bangalore,Koramangala,Exterior Wash,2381
DB1998,Vihaan,2023-09-27,Chennai,T. Nagar,Full Service,2195
DB1999,Sai,2023-07-06,Indore,Vijay Nagar,Interior Cleaning,6763
DB2000,Aditya,2023-08-08,Chennai,T. Nagar,Full Service,7401
DB2001,Sai,2024-02-10,Ahmedabad,Navrangpura,Full Service,8763
DB2002,Sai,2023-07-04,Pune,Viman Nagar,Ceramic Coating,4982
DB2003,Saanvi,2023-03-17,Bangalore,Koramangala,Full Service,848
DB2004,Arjun,2023-09-12,Pune,Viman Nagar,Ceramic Coating,3916
DB2005,Shaurya,2023-05-07,Indore,Vijay Nagar,Interior Cleaning,5320
DB2006,Vihaan,2024-05-01,Hyderabad,Banjara Hills,Exterior Wash,3485
DB2007,Riya,2023-10-03,Hyderabad,Banjara Hills,Exterior Wash,3479
DB2008,Aarav,2024-04-25,Indore,Vijay Nagar,Exterior Wash,3629
DB2009,Avni,2023-11-24,Bangalore,Koramangala,Exterior Wash,7946
DB2010,Ishaan,2023-11-24,Bangalore,Koramangala,Interior Cleaning,1634
DB2011,Saanvi,2023-08-17,Chennai,T. Nagar,Exterior Wash,2224
DB2012,Vivaan,2023-09-29,Pune,Viman Nagar,Interior Cleaning,8178
DB2013,Krishna,2023-10-13,Hyderabad,Banjara Hills,Ceramic Coating,997
DB2014,Avni,2023-08-26,Hyderabad,Banjara Hills,Full Service,2147
DB2015,Riya,2024-04-11,Indore,Vijay Nagar,Exterior Wash,3261
DB2016,Riya,2023-12-30,Pune,Viman Nagar,Exterior Wash,2348
DB2017,Shaurya,2023-11-04,Pune,Viman Nagar,Full Service,3572
DB2018,Aditya,2023-02-13,Bangalore,Koramangala,Interior Cleaning,4291
DB2019,Anaya,2023-09-22,Chennai,T. Nagar,Exterior Wash,3808
DB2020,Diya,2023-03-13,Delhi,Connaught Place,Full Service,3803
DB2021,Meera,2023-02-11,Bangalore,Koramangala,Full Service,8350
DB2022,Aarav,2023-09-30,Ahmedabad,Navrangpura,Interior Cleaning,9424
DB2023,Sai,2024-02-28,Pune,Viman Nagar,Interior Cleaning,8600
DB2024,Meera,2024-05-07,Pune,Viman Nagar,Ceramic Coating,9948
DB2025,Meera,2023-08-15,Bangalore,Koramangala,Ceramic Coating,9508
DB2026,Meera,2023-05-29,Mumbai,Andheri,Full Service,2374
DB2027,Sai,2023-09-30,Bangalore,Koramangala,Ceramic Coating,1551
DB2028,Arjun,2024-07-03,Bangalore,Koramangala,Ceramic Coating,6820
DB2029,Vihaan,2023-10-26,Mumbai,Andheri,Exterior Wash,807
DB2030,Saanvi,2023-10-15,Delhi,Connaught Place,Ceramic Coating,5866
DB2031,Meera,2024-05-08,Mumbai,Andheri,Ceramic Coating,6369
DB2032,Pari,2023-07-29,Ahmedabad,Navrangpura,Exterior Wash,7103
DB2033,Pari,2024-04-16,Mumbai,Andheri,Ceramic Coating,4505
DB2034,Shaurya,2024-05-06,Indore,Vijay Nagar,Ceramic Coating,683
DB2035,Ira,2023-10-14,Hyderabad,Banjara Hills,Exterior Wash,8178
DB2036,Atharv,2023-09-07,Delhi,Connaught Place,Interior Cleaning,9607
DB2037,Atharv,2023-12-26,Bangalore,Koramangala,Full Service,4747
DB2038,Aditya,2023-01-05,Mumbai,Andheri,Full Service,770
DB2039,Diya,2023-06-12,Delhi,Connaught Place,Exterior Wash,6805
DB2040,Avni,2023-12-17,Chennai,T. Nagar,Ceramic Coating,7799
DB2041,Pari,2023-03-28,Indore,Vijay Nagar,Ceramic Coating,628
DB2042,Vivaan,2023-09-03,Pune,Viman Nagar,Full Service,8045
DB2043,Riya,2023-05-29,Delhi,Connaught Place,Ceramic Coating,7089
DB2044,Riya,2024-04-25,Pune,Viman Nagar,Exterior Wash,8685
DB2045,Ira,2023-09-07,Chennai,T. Nagar,Full Service,7692
DB2046,Saanvi,2023-03-11,Bangalore,Koramangala,Ceramic Coating,8031
DB2047,Vihaan,2023-10-30,Bangalore,Koramangala,Interior Cleaning,4559
DB2048,Aditya,2023-07-11,Ahmedabad,Navrangpura,Interior Cleaning,4940
DB2049,Saanvi,2023-06-29,Ahmedabad,Navrangpura,Full Service,4798
DB2050,Arjun,2023-07-11,Mumbai,Andheri,Exterior Wash,2216
DB2051,Arjun,2023-11-07,Ahmedabad,Navrangpura,Full Service,1760
DB2052,Shaurya,2023-07-16,Bangalore,Koramangala,Ceramic Coating,8116
DB2053,Meera,2023-12-26,Pune,Viman Nagar,Full Service,2511
DB2054,Diya,2023-04-18,Indore,Vijay Nagar,Interior Cleaning,1390
DB2055,Shaurya,2024-03-20,Indore,Vijay Nagar,Full Service,6600
DB2056,Vivaan,2024-05-09,Indore,Vijay Nagar,Full Service,2087
DB2057,Ishaan,2024-03-14,Hyderabad,Banjara Hills,Full Service,2932
DB2058,Atharv,2023-07-10,Pune,Viman Nagar,Interior Cleaning,5000
DB2059,Saanvi,2023-12-01,Pune,Viman Nagar,Interior Cleaning,2528
DB2060,Ishaan,2023-07-27,Pune,Viman Nagar,Full Service,6404
DB2061,Myra,2024-06-12,Delhi,Connaught Place,Interior Cleaning,5091
DB2062,Sai,2024-03-04,Bangalore,Koramangala,Interior Cleaning,8193
DB2063,Ishaan,2023-08-27,Hyderabad,Banjara Hills,Full Service,4080
DB2064,Saanvi,2023-09-26,Indore,Vijay Nagar,Exterior Wash,1515
DB2065,Sai,2023-03-01,Hyderabad,Banjara Hills,Interior Cleaning,8484
DB2066,Vivaan,2024-02-11,Mumbai,Andheri,Full Service,1485
DB2067,Sai,2024-06-15,Pune,Viman Nagar,Full Service,6789
DB2068,Saanvi,2024-01-23,Delhi,Connaught Place,Interior Cleaning,8066
DB2069,Aanya,2023-01-19,Indore,Vijay Nagar,Ceramic Coating,8004
DB2070,Meera,2024-02-23,Chennai,T. Nagar,Ceramic Coating,8595
DB2071,Pari,2023-05-02,Chennai,T. Nagar,Ceramic Coating,7024
DB2072,Krishna,2023-05-25,Bangalore,Koramangala,Interior Cleaning,5684
DB2073,Vihaan,2023-12-21,Hyderabad,Banjara Hills,Interior Cleaning,9843
DB2074,Arjun,2024-02-02,Ahmedabad,Navrangpura,Full Service,4407
DB2075,Pari,2023-07-06,Chennai,T. Nagar,Ceramic Coating,5024
DB2076,Myra,2023-10-11,Mumbai,Andheri,Full Service,1257
DB2077,Anaya,2023-05-16,Bangalore,Koramangala,Full Service,4058
DB2078,Diya,2024-05-18,Bangalore,Koramangala,Full Service,1501
DB2079,Pari,2023-05-05,Bangalore,Koramangala,Interior Cleaning,9349
DB2080,Krishna,2023-07-16,Chennai,T. Nagar,Interior Cleaning,4766
DB2081,Myra,2024-01-17,Indore,Vijay Nagar,Exterior Wash,8569
DB2082,Diya,2024-05-08,Chennai,T. Nagar,Exterior Wash,2553
DB2083,Atharv,2023-10-15,Mumbai,Andheri,Full Service,1947
DB2084,Arjun,2024-04-01,Mumbai,Andheri,Ceramic Coating,9721
DB2085,Aditya,2024-01-11,Mumbai,Andheri,Full Service,5406
DB2086,Vihaan,2024-02-05,Indore,Vijay Nagar,Ceramic Coating,1308
DB2087,Sai,2024-02-20,Bangalore,Koramangala,Interior Cleaning,1716
DB2088,Pari,2023-05-30,Indore,Vijay Nagar,Full Service,1472
DB2089,Shaurya,2024-05-29,Chennai,T. Nagar,Ceramic Coating,9290
DB2090,Aarav,2023-09-27,Mumbai,Andheri,Exterior Wash,9532
DB2091,Anaya,2023-03-24,Hyderabad,Banjara Hills,Full Service,3431
DB2092,Vivaan,2023-09-13,Hyderabad,Banjara Hills,Ceramic Coating,2915
DB2093,Atharv,2024-05-09,Pune,Viman Nagar,Interior Cleaning,9708
DB2094,Shaurya,2024-05-08,Delhi,Connaught Place,Interior Cleaning,8807
DB2095,Vivaan,2023-02-17,Mumbai,Andheri,Full Service,6078
DB2096,Myra,2024-06-06,Indore,Vijay Nagar,Full Service,4292
DB2097,Vivaan,2024-03-23,Chennai,T. Nagar,Exterior Wash,9669
DB2098,Aanya,2023-02-23,Ahmedabad,Navrangpura,Exterior Wash,6374
DB2099,Aditya,2024-06-13,Hyderabad,Banjara Hills,Full Service,2381
DB2100,Diya,2023-09-19,Bangalore,Koramangala,Full Service,8930
DB2101,Atharv,2023-10-31,Chennai,T. Nagar,Ceramic Coating,6377
DB2102,Anaya,2024-04-18,Indore,Vijay Nagar,Ceramic Coating,2402
DB2103,Myra,2023-01-12,Pune,Viman Nagar,Full Service,516
DB2104,Saanvi,2023-03-04,Ahmedabad,Navrangpura,Ceramic Coating,9211
DB2105,Pari,2023-03-31,Chennai,T. Nagar,Ceramic Coating,9617
DB2106,Ira,2024-02-04,Mumbai,Andheri,Full Service,6624
DB2107,Arjun,2023-06-29,Hyderabad,Banjara Hills,Full Service,4482
DB2108,Anaya,2023-08-16,Pune,Viman Nagar,Ceramic Coating,8454
DB2109,Atharv,2024-04-05,Hyderabad,Banjara Hills,Ceramic Coating,6808
DB2110,Riya,2023-01-27,Hyderabad,Banjara Hills,Ceramic Coating,5433
DB2111,Vivaan,2023-06-13,Pune,Viman Nagar,Ceramic Coating,9475
DB2112,Arjun,2023-05-26,Pune,Viman Nagar,Ceramic Coating,544
DB2113,Vivaan,2024-04-15,Hyderabad,Banjara Hills,Full Service,9521
DB2114,Vihaan,2023-08-09,Pune,Viman Nagar,Ceramic Coating,1431
DB2115,Sai,2024-07-03,Chennai,T. Nagar,Full Service,3906
DB2116,Riya,2024-03-16,Delhi,Connaught Place,Ceramic Coating,9079
DB2117,Avni,2023-02-19,Hyderabad,Banjara Hills,Ceramic Coating,7281
DB2118,Vihaan,2023-10-05,Hyderabad,Banjara Hills,Ceramic Coating,6429
DB2119,Vihaan,2023-05-15,Bangalore,Koramangala,Interior Cleaning,9874
DB2120,Aditya,2024-01-19,Delhi,Connaught Place,Exterior Wash,5808
DB2121,Meera,2024-02-19,Indore,Vijay Nagar,Exterior Wash,787
DB2122,Riya,2023-07-06,Mumbai,Andheri,Interior Cleaning,6837
DB2123,Saanvi,2023-11-12,Ahmedabad,Navrangpura,Ceramic Coating,8707
DB2124,Krishna,2023-10-29,Hyderabad,Banjara Hills,Full Service,3678
DB2125,Aarav,2023-03-29,Bangalore,Koramangala,Full Service,9032
DB2126,Krishna,2023-01-04,Mumbai,Andheri,Full Service,8997
DB2127,Aanya,2023-08-13,Chennai,T. Nagar,Ceramic Coating,820
DB2128,Atharv,2023-06-30,Indore,Vijay Nagar,Interior Cleaning,9823
DB2129,Aanya,2024-06-14,Ahmedabad,Navrangpura,Interior Cleaning,7998
DB2130,Aditya,2024-05-07,Chennai,T. Nagar,Full Service,3037
DB2131,Vivaan,2023-07-01,Delhi,Connaught Place,Ceramic Coating,2577
DB2132,Atharv,2023-04-06,Chennai,T. Nagar,Interior Cleaning,6356
DB2133,Atharv,2023-12-27,Indore,Vijay Nagar,Exterior Wash,1769
DB2134,Riya,2023-08-25,Mumbai,Andheri,Full Service,6172
DB2135,Vivaan,2023-12-02,Ahmedabad,Navrangpura,Interior Cleaning,6655
DB2136,Shaurya,2024-02-28,Chennai,T. Nagar,Interior Cleaning,9213
DB2137,Vivaan,2024-05-19,Ahmedabad,Navrangpura,Ceramic Coating,7706
DB2138,Vivaan,2023-03-01,Delhi,Connaught Place,Full Service,1909
DB2139,Vivaan,2023-03-19,Hyderabad,Banjara Hills,Full Service,2672
DB2140,Atharv,2023-10-07,Pune,Viman Nagar,Interior Cleaning,8325
DB2141,Diya,2023-05-08,Pune,Viman Nagar,Ceramic Coating,6073
DB2142,Myra,2023-02-05,Chennai,T. Nagar,Interior Cleaning,5035
DB2143,Aarav,2023-04-06,Hyderabad,Banjara Hills,Ceramic Coating,8197
DB2144,Aditya,2023-10-21,Indore,Vijay Nagar,Ceramic Coating,8544
DB2145,Pari,2023-05-03,Bangalore,Koramangala,Exterior Wash,6374
DB2146,Krishna,2024-04-06,Indore,Vijay Nagar,Interior Cleaning,9603
DB2147,Myra,2023-12-03,Indore,Vijay Nagar,Interior Cleaning,2864
DB2148,Diya,2024-06-10,Delhi,Connaught Place,Exterior Wash,7138
DB2149,Riya,2023-04-19,Indore,Vijay Nagar,Ceramic Coating,7411
DB2150,Anaya,2023-07-25,Bangalore,Koramangala,Exterior Wash,1768
DB2151,Aditya,2023-10-14,Delhi,Connaught Place,Ceramic Coating,5729
DB2152,Ishaan,2023-07-09,Hyderabad,Banjara Hills,Full Service,8391
DB2153,Arjun,2023-10-18,Delhi,Connaught Place,Exterior Wash,825
DB2154,Vivaan,2024-05-25,Hyderabad,Banjara Hills,Exterior Wash,5103
DB2155,Aarav,2023-03-13,Chennai,T. Nagar,Ceramic Coating,8254
DB2156,Aanya,2023-12-10,Hyderabad,Banjara Hills,Interior Cleaning,3075
DB2157,Ira,2024-06-15,Bangalore,Koramangala,Exterior Wash,4466
DB2158,Anaya,2023-02-27,Delhi,Connaught Place,Exterior Wash,9543
DB2159,Ishaan,2023-11-22,Hyderabad,Banjara Hills,Ceramic Coating,3494
DB2160,Aditya,2023-05-11,Hyderabad,Banjara Hills,Full Service,8031
DB2161,Riya,2023-07-23,Hyderabad,Banjara Hills,Ceramic Coating,3644
DB2162,Meera,2023-08-31,Pune,Viman Nagar,Full Service,7328
DB2163,Myra,2023-06-20,Hyderabad,Banjara Hills,Ceramic Coating,4012
DB2164,Riya,2023-03-27,Indore,Vijay Nagar,Exterior Wash,5662
DB2165,Ishaan,2023-07-30,Chennai,T. Nagar,Ceramic Coating,8477
DB2166,Aanya,2023-01-26,Hyderabad,Banjara Hills,Ceramic Coating,4732
DB2167,Meera,2023-01-20,Ahmedabad,Navrangpura,Full Service,7078
DB2168,Ira,2023-07-26,Bangalore,Koramangala,Interior Cleaning,3157
DB2169,Meera,2024-03-02,Ahmedabad,Navrangpura,Interior Cleaning,1441
DB2170,Atharv,2024-01-04,Chennai,T. Nagar,Exterior Wash,1966
DB2171,Anaya,2023-02-21,Ahmedabad,Navrangpura,Full Service,4862
DB2172,Vihaan,2023-12-25,Delhi,Connaught Place,Ceramic Coating,8333
DB2173,Ira,2024-02-25,Hyderabad,Banjara Hills,Ceramic Coating,5315
DB2174,Riya,2023-09-26,Pune,Viman Nagar,Ceramic Coating,9790
DB2175,Saanvi,2024-04-24,Indore,Vijay Nagar,Interior Cleaning,7882
DB2176,Avni,2024-03-04,Chennai,T. Nagar,Full Service,9004
DB2177,Meera,2024-06-21,Delhi,Connaught Place,Ceramic Coating,2881
DB2178,Saanvi,2024-06-30,Bangalore,Koramangala,Ceramic Coating,2273
DB2179,Riya,2024-02-18,Hyderabad,Banjara Hills,Exterior Wash,1446
DB2180,Atharv,2023-12-24,Bangalore,Koramangala,Full Service,7219
DB2181,Riya,2023-09-03,Mumbai,Andheri,Interior Cleaning,6860
DB2182,Krishna,2024-05-04,Pune,Viman Nagar,Exterior Wash,1692
DB2183,Atharv,2023-11-26,Delhi,Connaught Place,Full Service,6115
DB2184,Avni,2024-01-16,Pune,Viman Nagar,Full Service,9364
DB2185,Diya,2024-05-27,Hyderabad,Banjara Hills,Ceramic Coating,9621
DB2186,Saanvi,2024-05-30,Chennai,T. Nagar,Full Service,9193
DB2187,Aarav,2023-09-17,Indore,Vijay Nagar,Interior Cleaning,7845
DB2188,Aditya,2024-04-01,Ahmedabad,Navrangpura,Exterior Wash,1419
DB2189,Avni,2023-10-19,Chennai,T. Nagar,Full Service,6430
DB2190,Ira,2023-10-10,Delhi,Connaught Place,Interior Cleaning,5775
DB2191,Pari,2024-05-22,Bangalore,Koramangala,Full Service,7854
DB2192,Vihaan,2023-01-31,Hyderabad,Banjara Hills,Exterior Wash,4122
DB2193,Ira,2023-10-31,Mumbai,Andheri,Ceramic Coating,4215
DB2194,Aanya,2024-06-25,Mumbai,Andheri,Ceramic Coating,6911
DB2195,Vihaan,2023-08-10,Mumbai,Andheri,Interior Cleaning,1192
DB2196,Krishna,2023-09-12,Hyderabad,Banjara Hills,Exterior Wash,941
DB2197,Myra,2023-03-31,Pune,Viman Nagar,Interior Cleaning,7711
DB2198,Arjun,2023-01-19,Mumbai,Andheri,Full Service,8433
DB2199,Atharv,2023-12-23,Delhi,Connaught Place,Interior Cleaning,7896
DB2200,Krishna,2024-06-07,Delhi,Connaught Place,Interior Cleaning,904
DB2201,Aarav,2024-06-24,Bangalore,Koramangala,Interior Cleaning,8962
DB2202,Diya,2024-05-01,Pune,Viman Nagar,Interior Cleaning,2806
DB2203,Aanya,2023-05-15,Mumbai,Andheri,Ceramic Coating,921
DB2204,Aarav,2024-02-25,Chennai,T. Nagar,Full Service,5175
DB2205,Saanvi,2023-07-15,Mumbai,Andheri,Exterior Wash,6603
DB2206,Vivaan,2023-01-22,Chennai,T. Nagar,Full Service,2681
DB2207,Pari,2024-03-01,Indore,Vijay Nagar,Interior Cleaning,6298
DB2208,Meera,2024-02-16,Indore,Vijay Nagar,Exterior Wash,8956
DB2209,Arjun,2024-03-04,Indore,Vijay Nagar,Exterior Wash,6173
DB2210,Atharv,2023-02-22,Bangalore,Koramangala,Full Service,9581
DB2211,Anaya,2023-05-03,Bangalore,Koramangala,Full Service,2895
DB2212,Anaya,2023-01-29,Bangalore,Koramangala,Interior Cleaning,6015
DB2213,Myra,2023-10-21,Hyderabad,Banjara Hills,Full Service,3638
DB2214,Riya,2024-06-03,Indore,Vijay Nagar,Ceramic Coating,1056
DB2215,Pari,2023-05-16,Hyderabad,Banjara Hills,Full Service,4067
DB2216,Ira,2023-01-09,Hyderabad,Banjara Hills,Exterior Wash,1516
DB2217,Anaya,2023-11-23,Indore,Vijay Nagar,Interior Cleaning,4821
DB2218,Saanvi,2024-02-29,Hyderabad,Banjara Hills,Ceramic Coating,2813
DB2219,Pari,2024-05-05,Pune,Viman Nagar,Ceramic Coating,3499
DB2220,Avni,2024-01-04,Chennai,T. Nagar,Exterior Wash,2189
DB2221,Pari,2024-05-08,Pune,Viman Nagar,Exterior Wash,9111
DB2222,Sai,2023-06-20,Indore,Vijay Nagar,Exterior Wash,6149
DB2223,Myra,2023-07-09,Bangalore,Koramangala,Interior Cleaning,2319
DB2224,Meera,2023-11-11,Ahmedabad,Navrangpura,Full Service,4706
DB2225,Ishaan,2023-05-17,Ahmedabad,Navrangpura,Ceramic Coating,7735
DB2226,Vivaan,2023-09-06,Ahmedabad,Navrangpura,Full Service,9595
DB2227,Pari,2024-06-01,Ahmedabad,Navrangpura,Ceramic Coating,3153
DB2228,Myra,2024-03-04,Hyderabad,Banjara Hills,Exterior Wash,1641
DB2229,Avni,2024-01-02,Mumbai,Andheri,Interior Cleaning,2538
DB2230,Anaya,2024-01-05,Indore,Vijay Nagar,Ceramic Coating,994
DB2231,Anaya,2023-04-24,Delhi,Connaught Place,Full Service,4286
DB2232,Aditya,2023-05-27,Indore,Vijay Nagar,Exterior Wash,7181
DB2233,Myra,2023-01-14,Chennai,T. Nagar,Ceramic Coating,5158
DB2234,Meera,2024-03-15,Mumbai,Andheri,Ceramic Coating,5034
DB2235,Meera,2023-10-16,Chennai,T. Nagar,Full Service,3697
DB2236,Arjun,2023-06-26,Mumbai,Andheri,Full Service,626
DB2237,Ishaan,2024-04-27,Ahmedabad,Navrangpura,Interior Cleaning,1866
DB2238,Pari,2023-11-06,Chennai,T. Nagar,Ceramic Coating,5039
DB2239,Ishaan,2023-08-24,Hyderabad,Banjara Hills,Exterior Wash,4060
DB2240,Sai,2023-03-06,Indore,Vijay Nagar,Full Service,5514
DB2241,Myra,2023-12-18,Bangalore,Koramangala,Interior Cleaning,6474
DB2242,Aarav,2024-04-07,Hyderabad,Banjara Hills,Exterior Wash,5514
DB2243,Meera,2024-04-10,Indore,Vijay Nagar,Ceramic Coating,5030
DB2244,Avni,2023-05-15,Ahmedabad,Navrangpura,Ceramic Coating,3193
DB2245,Shaurya,2023-12-13,Hyderabad,Banjara Hills,Exterior Wash,8466
DB2246,Ishaan,2024-06-16,Ahmedabad,Navrangpura,Exterior Wash,7272
DB2247,Shaurya,2024-02-05,Mumbai,Andheri,Exterior Wash,8988
DB2248,Aanya,2023-05-14,Delhi,Connaught Place,Exterior Wash,3097
DB2249,Ira,2023-03-16,Mumbai,Andheri,Ceramic Coating,6122
DB2250,Aarav,2023-12-21,Ahmedabad,Navrangpura,Full Service,6579
DB2251,Riya,2023-08-29,Hyderabad,Banjara Hills,Ceramic Coating,1558
DB2252,Vihaan,2023-01-01,Delhi,Connaught Place,Exterior Wash,5103
DB2253,Aanya,2023-05-06,Mumbai,Andheri,Exterior Wash,720
DB2254,Pari,2023-01-25,Pune,Viman Nagar,Full Service,7709
DB2255,Vivaan,2024-04-25,Ahmedabad,Navrangpura,Ceramic Coating,1962
DB2256,Vivaan,2024-02-06,Delhi,Connaught Place,Exterior Wash,8736
DB2257,Sai,2023-01-21,Ahmedabad,Navrangpura,Exterior Wash,6691
DB2258,Krishna,2024-05-05,Indore,Vijay Nagar,Interior Cleaning,1533
DB2259,Riya,2024-06-25,Mumbai,Andheri,Ceramic Coating,4976
DB2260,Anaya,2023-11-25,Chennai,T. Nagar,Full Service,1691
DB2261,Myra,2024-06-04,Delhi,Connaught Place,Interior Cleaning,771
DB2262,Aditya,2023-05-23,Delhi,Connaught Place,Ceramic Coating,3832
DB2263,Avni,2023-03-20,Indore,Vijay Nagar,Interior Cleaning,4176
DB2264,Vihaan,2024-06-08,Mumbai,Andheri,Exterior Wash,5714
DB2265,Aditya,2023-01-08,Ahmedabad,Navrangpura,Full Service,8033
DB2266,Aanya,2024-06-04,Bangalore,Koramangala,Exterior Wash,7965
DB2267,Myra,2023-06-13,Chennai,T. Nagar,Exterior Wash,8175
DB2268,Riya,2023-03-14,Indore,Vijay Nagar,Interior Cleaning,1071
DB2269,Ira,2024-05-01,Mumbai,Andheri,Full Service,2744
DB2270,Avni,2023-03-30,Chennai,T. Nagar,Ceramic Coating,5088
DB2271,Myra,2023-05-10,Mumbai,Andheri,Full Service,1231
DB2272,Sai,2023-04-16,Bangalore,Koramangala,Interior Cleaning,3433
DB2273,Arjun,2023-07-11,Bangalore,Koramangala,Interior Cleaning,7599
DB2274,Anaya,2024-04-11,Pune,Viman Nagar,Ceramic Coating,4979
DB2275,Shaurya,2023-08-04,Chennai,T. Nagar,Full Service,4812
DB2276,Aditya,2024-05-06,Indore,Vijay Nagar,Interior Cleaning,7588
DB2277,Sai,2024-04-11,Chennai,T. Nagar,Full Service,1667
DB2278,Ishaan,2023-04-21,Bangalore,Koramangala,Ceramic Coating,4293
DB2279,Meera,2024-05-14,Mumbai,Andheri,Exterior Wash,2720
DB2280,Atharv,2023-01-07,Mumbai,Andheri,Ceramic Coating,4492
DB2281,Avni,2024-06-01,Indore,Vijay Nagar,Interior Cleaning,3697
DB2282,Saanvi,2024-03-14,Pune,Viman Nagar,Ceramic Coating,7537
DB2283,Aditya,2024-04-26,Bangalore,Koramangala,Interior Cleaning,5808
DB2284,Meera,2023-03-19,Mumbai,Andheri,Ceramic Coating,5161
DB2285,Krishna,2023-07-03,Pune,Viman Nagar,Full Service,6822
DB2286,Krishna,2023-04-22,Delhi,Connaught Place,Exterior Wash,4468
DB2287,Ishaan,2023-07-10,Ahmedabad,Navrangpura,Interior Cleaning,878
DB2288,Myra,2024-01-22,Ahmedabad,Navrangpura,Full Service,2830
DB2289,Pari,2023-01-01,Pune,Viman Nagar,Full Service,4767
DB2290,Shaurya,2023-03-28,Bangalore,Koramangala,Full Service,5917
DB2291,Arjun,2024-04-28,Delhi,Connaught Place,Full Service,882
DB2292,Aditya,2023-07-28,Ahmedabad,Navrangpura,Exterior Wash,6646
DB2293,Anaya,2024-01-07,Pune,Viman Nagar,Full Service,8807
DB2294,Pari,2023-09-27,Hyderabad,Banjara Hills,Exterior Wash,3439
DB2295,Riya,2023-01-24,Indore,Vijay Nagar,Interior Cleaning,9765
DB2296,Ira,2024-05-16,Mumbai,Andheri,Full Service,3650
DB2297,Anaya,2023-01-27,Mumbai,Andheri,Ceramic Coating,8443
DB2298,Anaya,2024-01-22,Hyderabad,Banjara Hills,Exterior Wash,8533
DB2299,Riya,2024-05-02,Delhi,Connaught Place,Exterior Wash,9716
DB2300,Anaya,2024-06-29,Chennai,T. Nagar,Interior Cleaning,9580
DB2301,Vivaan,2023-12-15,Mumbai,Andheri,Interior Cleaning,2490
DB2302,Sai,2024-04-21,Pune,Viman Nagar,Ceramic Coating,4935
DB2303,Aditya,2024-03-20,Hyderabad,Banjara Hills,Ceramic Coating,6949
DB2304,Saanvi,2023-05-08,Bangalore,Koramangala,Exterior Wash,9133
DB2305,Vivaan,2024-05-17,Chennai,T. Nagar,Exterior Wash,6554
DB2306,Sai,2024-04-26,Delhi,Connaught Place,Full Service,6968
DB2307,Riya,2023-03-10,Ahmedabad,Navrangpura,Ceramic Coating,7352
DB2308,Vivaan,2024-03-01,Delhi,Connaught Place,Full Service,3159
DB2309,Vivaan,2023-12-08,Indore,Vijay Nagar,Exterior Wash,3425
DB2310,Krishna,2024-06-13,Delhi,Connaught Place,Full Service,6740
DB2311,Vihaan,2024-05-27,Chennai,T. Nagar,Exterior Wash,3653
DB2312,Aanya,2023-10-10,Bangalore,Koramangala,Ceramic Coating,1628
DB2313,Vihaan,2024-03-14,Chennai,T. Nagar,Interior Cleaning,2865
DB2314,Vivaan,2024-04-08,Indore,Vijay Nagar,Interior Cleaning,5067
DB2315,Saanvi,2023-02-25,Hyderabad,Banjara Hills,Ceramic Coating,3241
DB2316,Arjun,2023-04-23,Bangalore,Koramangala,Full Service,4784
DB2317,Saanvi,2024-03-01,Indore,Vijay Nagar,Interior Cleaning,1418
DB2318,Meera,2023-07-01,Pune,Viman Nagar,Interior Cleaning,5461
DB2319,Avni,2023-03-12,Mumbai,Andheri,Full Service,5065
DB2320,Aarav,2024-05-20,Chennai,T. Nagar,Interior Cleaning,8743
DB2321,Ira,2023-12-29,Delhi,Connaught Place,Full Service,2367
DB2322,Meera,2023-10-25,Ahmedabad,Navrangpura,Full Service,3699
DB2323,Sai,2024-06-15,Ahmedabad,Navrangpura,Exterior Wash,740
DB2324,Anaya,2024-01-04,Indore,Vijay Nagar,Full Service,5577
DB2325,Aanya,2023-10-13,Chennai,T. Nagar,Interior Cleaning,7068
DB2326,Pari,2024-06-26,Mumbai,Andheri,Full Service,8813
DB2327,Sai,2023-09-30,Pune,Viman Nagar,Full Service,1730
DB2328,Aditya,2023-04-20,Ahmedabad,Navrangpura,Full Service,8582
DB2329,Aditya,2024-04-26,Mumbai,Andheri,Exterior Wash,7496
DB2330,Sai,2024-04-21,Hyderabad,Banjara Hills,Exterior Wash,678
DB2331,Pari,2023-08-07,Chennai,T. Nagar,Full Service,560
DB2332,Ishaan,2023-02-23,Mumbai,Andheri,Ceramic Coating,1085
DB2333,Saanvi,2023-06-20,Delhi,Connaught Place,Full Service,1034
DB2334,Diya,2024-01-26,Hyderabad,Banjara Hills,Full Service,2655
DB2335,Ira,2023-06-11,Hyderabad,Banjara Hills,Ceramic Coating,5825
DB2336,Krishna,2023-01-16,Ahmedabad,Navrangpura,Full Service,501
DB2337,Avni,2023-01-10,Hyderabad,Banjara Hills,Exterior Wash,2361
DB2338,Shaurya,2023-05-30,Chennai,T. Nagar,Exterior Wash,937
DB2339,Sai,2024-05-15,Bangalore,Koramangala,Interior Cleaning,1401
DB2340,Aarav,2023-02-14,Indore,Vijay Nagar,Full Service,6029
DB2341,Krishna,2024-04-05,Indore,Vijay Nagar,Ceramic Coating,526
DB2342,Anaya,2023-04-07,Chennai,T. Nagar,Exterior Wash,9258
DB2343,Arjun,2023-08-07,Hyderabad,Banjara Hills,Interior Cleaning,2090
DB2344,Aditya,2023-11-30,Indore,Vijay Nagar,Full Service,2960
DB2345,Aarav,2024-06-29,Delhi,Connaught Place,Exterior Wash,7226
DB2346,Avni,2024-05-29,Bangalore,Koramangala,Full Service,1116
DB2347,Ira,2023-01-01,Chennai,T. Nagar,Ceramic Coating,3065
DB2348,Atharv,2023-04-13,Indore,Vijay Nagar,Interior Cleaning,4821
DB2349,Saanvi,2023-05-06,Delhi,Connaught Place,Interior Cleaning,4578
DB2350,Pari,2023-02-25,Delhi,Connaught Place,Ceramic Coating,1166
DB2351,Saanvi,2023-10-11,Ahmedabad,Navrangpura,Interior Cleaning,5093
DB2352,Vivaan,2024-03-17,Indore,Vijay Nagar,Ceramic Coating,6757
DB2353,Myra,2023-07-18,Indore,Vijay Nagar,Exterior Wash,7882
DB2354,Aarav,2024-03-19,Bangalore,Koramangala,Interior Cleaning,2723
DB2355,Sai,2024-03-02,Delhi,Connaught Place,Exterior Wash,843
DB2356,Ira,2024-02-28,Ahmedabad,Navrangpura,Exterior Wash,5323
DB2357,Vivaan,2023-08-17,Ahmedabad,Navrangpura,Exterior Wash,7627
DB2358,Saanvi,2023-12-03,Hyderabad,Banjara Hills,Interior Cleaning,2915
DB2359,Ishaan,2023-04-04,Mumbai,Andheri,Full Service,1864
DB2360,Atharv,2023-06-01,Hyderabad,Banjara Hills,Exterior Wash,2821
DB2361,Riya,2024-05-10,Hyderabad,Banjara Hills,Exterior Wash,2052
DB2362,Ira,2023-03-14,Delhi,Connaught Place,Exterior Wash,9426
DB2363,Avni,2023-05-12,Bangalore,Koramangala,Ceramic Coating,8043
DB2364,Diya,2023-04-17,Delhi,Connaught Place,Exterior Wash,7746
DB2365,Anaya,2023-06-04,Chennai,T. Nagar,Exterior Wash,5126
DB2366,Ira,2024-06-21,Chennai,T. Nagar,Exterior Wash,6981
DB2367,Aditya,2024-04-24,Mumbai,Andheri,Exterior Wash,1286
DB2368,Diya,2023-09-30,Delhi,Connaught Place,Ceramic Coating,4772
DB2369,Aditya,2023-02-18,Ahmedabad,Navrangpura,Ceramic Coating,7511
DB2370,Ira,2023-02-15,Chennai,T. Nagar,Ceramic Coating,1712
DB2371,Saanvi,2023-05-09,Delhi,Connaught Place,Interior Cleaning,3011
DB2372,Ishaan,2023-05-24,Hyderabad,Banjara Hills,Full Service,6531
DB2373,Pari,2023-05-28,Indore,Vijay Nagar,Exterior Wash,3213
DB2374,Ira,2023-03-31,Indore,Vijay Nagar,Exterior Wash,5133
DB2375,Myra,2023-05-01,Chennai,T. Nagar,Full Service,3510
DB2376,Vihaan,2024-03-11,Hyderabad,Banjara Hills,Interior Cleaning,3006
DB2377,Ira,2024-05-28,Chennai,T. Nagar,Interior Cleaning,6180
DB2378,Diya,2023-05-20,Delhi,Connaught Place,Exterior Wash,4161
DB2379,Pari,2023-10-09,Chennai,T. Nagar,Ceramic Coating,2101
DB2380,Anaya,2024-04-01,Hyderabad,Banjara Hills,Full Service,6947
DB2381,Vivaan,2024-01-15,Chennai,T. Nagar,Ceramic Coating,6318
DB2382,Diya,2023-07-02,Ahmedabad,Navrangpura,Interior Cleaning,8769
DB2383,Vivaan,2023-12-05,Chennai,T. Nagar,Exterior Wash,8929
DB2384,Myra,2023-05-14,Ahmedabad,Navrangpura,Ceramic Coating,777
DB2385,Diya,2023-01-18,Chennai,T. Nagar,Full Service,5865
DB2386,Meera,2024-01-08,Ahmedabad,Navrangpura,Full Service,5075
DB2387,Sai,2023-01-19,Chennai,T. Nagar,Full Service,7000
DB2388,Arjun,2024-03-18,Bangalore,Koramangala,Full Service,1910
DB2389,Arjun,2024-01-13,Indore,Vijay Nagar,Exterior Wash,3864
DB2390,Anaya,2023-01-09,Bangalore,Koramangala,Exterior Wash,6585
DB2391,Ishaan,2024-06-12,Hyderabad,Banjara Hills,Exterior Wash,5017
DB2392,Aditya,2024-04-16,Indore,Vijay Nagar,Interior Cleaning,8170
DB2393,Atharv,2023-01-14,Chennai,T. Nagar,Interior Cleaning,863
DB2394,Ira,2023-04-29,Mumbai,Andheri,Exterior Wash,7165
DB2395,Atharv,2024-05-30,Hyderabad,Banjara Hills,Interior Cleaning,5704
DB2396,Vihaan,2023-08-02,Mumbai,Andheri,Exterior Wash,518
DB2397,Saanvi,2023-01-12,Mumbai,Andheri,Interior Cleaning,1273
DB2398,Meera,2024-01-27,Bangalore,Koramangala,Full Service,7295
DB2399,Ishaan,2023-01-02,Mumbai,Andheri,Full Service,1239
DB2400,Riya,2024-06-05,Ahmedabad,Navrangpura,Ceramic Coating,7447
DB2401,Atharv,2024-04-21,Chennai,T. Nagar,Exterior Wash,6145
DB2402,Avni,2024-03-13,Hyderabad,Banjara Hills,Interior Cleaning,4232
DB2403,Avni,2023-08-24,Pune,Viman Nagar,Full Service,7498
DB2404,Shaurya,2023-05-15,Delhi,Connaught Place,Interior Cleaning,5913
DB2405,Diya,2023-09-03,Pune,Viman Nagar,Ceramic Coating,6461
DB2406,Sai,2024-01-10,Delhi,Connaught Place,Full Service,8933
DB2407,Meera,2023-10-21,Mumbai,Andheri,Ceramic Coating,8584
DB2408,Sai,2023-09-05,Hyderabad,Banjara Hills,Exterior Wash,2507
DB2409,Avni,2024-03-18,Ahmedabad,Navrangpura,Ceramic Coating,5420
DB2410,Diya,2023-12-18,Ahmedabad,Navrangpura,Interior Cleaning,2830
DB2411,Riya,2023-04-20,Mumbai,Andheri,Ceramic Coating,8716
DB2412,Riya,2023-02-26,Ahmedabad,Navrangpura,Interior Cleaning,9034
DB2413,Krishna,2024-04-21,Ahmedabad,Navrangpura,Exterior Wash,6901
DB2414,Anaya,2024-06-13,Delhi,Connaught Place,Exterior Wash,7893
DB2415,Avni,2024-03-10,Hyderabad,Banjara Hills,Interior Cleaning,4997
DB2416,Ishaan,2023-03-29,Hyderabad,Banjara Hills,Interior Cleaning,808
DB2417,Riya,2023-12-09,Delhi,Connaught Place,Full Service,693
DB2418,Vihaan,2023-07-05,Delhi,Connaught Place,Full Service,5120
DB2419,Meera,2023-02-11,Mumbai,Andheri,Exterior Wash,5457
DB2420,Pari,2023-10-02,Delhi,Connaught Place,Ceramic Coating,5387
DB2421,Ishaan,2024-06-29,Mumbai,Andheri,Exterior Wash,504
DB2422,Myra,2024-02-14,Bangalore,Koramangala,Exterior Wash,5878
DB2423,Ishaan,2023-03-31,Bangalore,Koramangala,Interior Cleaning,9965
DB2424,Diya,2023-09-12,Mumbai,Andheri,Full Service,1631
DB2425,Diya,2024-04-29,Mumbai,Andheri,Full Service,5592
DB2426,Diya,2023-10-09,Ahmedabad,Navrangpura,Full Service,8945
DB2427,Shaurya,2023-07-07,Ahmedabad,Navrangpura,Full Service,3544
DB2428,Arjun,2024-02-01,Bangalore,Koramangala,Interior Cleaning,3392
DB2429,Ira,2023-06-18,Mumbai,Andheri,Full Service,5981
DB2430,Aditya,2023-02-09,Indore,Vijay Nagar,Full Service,4323
DB2431,Diya,2023-01-11,Mumbai,Andheri,Exterior Wash,5016
DB2432,Pari,2023-08-09,Hyderabad,Banjara Hills,Exterior Wash,1508
DB2433,Krishna,2023-08-07,Ahmedabad,Navrangpura,Exterior Wash,5258
DB2434,Vihaan,2023-05-24,Ahmedabad,Navrangpura,Ceramic Coating,7464
DB2435,Diya,2024-02-13,Chennai,T. Nagar,Interior Cleaning,4952
DB2436,Pari,2023-09-13,Delhi,Connaught Place,Ceramic Coating,8188
DB2437,Arjun,2024-06-07,Pune,Viman Nagar,Ceramic Coating,4879
DB2438,Aditya,2023-11-08,Hyderabad,Banjara Hills,Interior Cleaning,1377
DB2439,Myra,2023-08-14,Indore,Vijay Nagar,Interior Cleaning,1888
DB2440,Ira,2024-01-03,Bangalore,Koramangala,Interior Cleaning,9113
DB2441,Aarav,2023-06-30,Indore,Vijay Nagar,Ceramic Coating,1723
DB2442,Meera,2023-04-11,Mumbai,Andheri,Full Service,7020
DB2443,Arjun,2024-02-03,Hyderabad,Banjara Hills,Full Service,4777
DB2444,Atharv,2023-11-03,Chennai,T. Nagar,Interior Cleaning,4485
DB2445,Diya,2023-10-08,Mumbai,Andheri,Ceramic Coating,4696
DB2446,Avni,2024-06-04,Bangalore,Koramangala,Full Service,6129
DB2447,Vivaan,2023-03-04,Delhi,Connaught Place,Interior Cleaning,9463
DB2448,Myra,2024-02-29,Mumbai,Andheri,Full Service,3907
DB2449,Vivaan,2023-03-10,Mumbai,Andheri,Exterior Wash,7834
DB2450,Aditya,2024-01-03,Pune,Viman Nagar,Interior Cleaning,8602
DB2451,Saanvi,2023-03-31,Pune,Viman Nagar,Interior Cleaning,9610
DB2452,Vihaan,2023-05-30,Delhi,Connaught Place,Full Service,1335
DB2453,Vivaan,2023-07-18,Delhi,Connaught Place,Ceramic Coating,4315
DB2454,Anaya,2023-09-04,Indore,Vijay Nagar,Full Service,5787
DB2455,Aanya,2023-02-20,Mumbai,Andheri,Full Service,5284
DB2456,Pari,2024-01-15,Delhi,Connaught Place,Full Service,6080
DB2457,Vihaan,2024-06-22,Ahmedabad,Navrangpura,Ceramic Coating,5073
DB2458,Aditya,2024-02-24,Pune,Viman Nagar,Exterior Wash,7497
DB2459,Avni,2023-04-24,Indore,Vijay Nagar,Ceramic Coating,7460
DB2460,Vihaan,2023-11-07,Indore,Vijay Nagar,Ceramic Coating,8365
DB2461,Riya,2023-09-03,Indore,Vijay Nagar,Full Service,7311
DB2462,Arjun,2024-06-11,Hyderabad,Banjara Hills,Full Service,3557
DB2463,Myra,2023-02-06,Bangalore,Koramangala,Interior Cleaning,8736
DB2464,Ira,2024-02-06,Pune,Viman Nagar,Ceramic Coating,1367
DB2465,Riya,2024-04-12,Bangalore,Koramangala,Exterior Wash,7967
DB2466,Diya,2023-01-07,Hyderabad,Banjara Hills,Ceramic Coating,8174
DB2467,Vivaan,2024-06-29,Hyderabad,Banjara Hills,Full Service,3539
DB2468,Shaurya,2023-02-11,Hyderabad,Banjara Hills,Full Service,952
DB2469,Atharv,2024-01-29,Pune,Viman Nagar,Full Service,1967
DB2470,Meera,2023-05-08,Hyderabad,Banjara Hills,Ceramic Coating,9908
DB2471,Saanvi,2023-03-19,Delhi,Connaught Place,Exterior Wash,3629
DB2472,Riya,2024-04-23,Hyderabad,Banjara Hills,Ceramic Coating,7838
DB2473,Vihaan,2023-05-27,Mumbai,Andheri,Exterior Wash,5611
DB2474,Aanya,2024-03-21,Delhi,Connaught Place,Ceramic Coating,5997
DB2475,Sai,2023-09-23,Delhi,Connaught Place,Exterior Wash,4525
DB2476,Pari,2023-08-07,Ahmedabad,Navrangpura,Interior Cleaning,9674
DB2477,Riya,2024-01-07,Pune,Viman Nagar,Interior Cleaning,8847
DB2478,Avni,2024-05-31,Indore,Vijay Nagar,Interior Cleaning,6224
DB2479,Aarav,2023-01-19,Delhi,Connaught Place,Exterior Wash,1910
DB2480,Aditya,2024-03-01,Delhi,Connaught Place,Ceramic Coating,9868
DB2481,Sai,2023-08-25,Hyderabad,Banjara Hills,Full Service,6599
DB2482,Diya,2024-03-11,Hyderabad,Banjara Hills,Interior Cleaning,4552
DB2483,Pari,2023-07-03,Indore,Vijay Nagar,Interior Cleaning,5990
DB2484,Myra,2024-01-08,Delhi,Connaught Place,Full Service,2748
DB2485,Vivaan,2024-05-23,Bangalore,Koramangala,Full Service,9195
DB2486,Atharv,2023-04-28,Mumbai,Andheri,Full Service,2876
DB2487,Anaya,2023-01-17,Mumbai,Andheri,Full Service,6085
DB2488,Krishna,2024-01-08,Delhi,Connaught Place,Full Service,8215
DB2489,Myra,2024-02-28,Chennai,T. Nagar,Interior Cleaning,4492
DB2490,Vihaan,2023-07-23,Ahmedabad,Navrangpura,Exterior Wash,2492
DB2491,Meera,2023-07-15,Ahmedabad,Navrangpura,Interior Cleaning,2360
DB2492,Atharv,2023-05-26,Delhi,Connaught Place,Full Service,9471
DB2493,Saanvi,2023-07-29,Pune,Viman Nagar,Ceramic Coating,5898
DB2494,Aarav,2023-07-28,Indore,Vijay Nagar,Ceramic Coating,1419
DB2495,Meera,2024-02-23,Hyderabad,Banjara Hills,Ceramic Coating,3892
DB2496,Myra,2024-03-08,Delhi,Connaught Place,Interior Cleaning,1570
DB2497,Krishna,2024-01-14,Chennai,T. Nagar,Interior Cleaning,7694
DB2498,Krishna,2024-06-13,Delhi,Connaught Place,Exterior Wash,2002
DB2499,Krishna,2023-06-11,Chennai,T. Nagar,Interior Cleaning,7154
